"time","metric","group","scenario","name","method","status","expected_response","load_zone","tags","nz_count","count"
"2024-02-29T13:14:09+00:00","http_req_failed","","default","https://blixter.online/utgangspunkt/index.html","GET","200","true","amazon:us:columbus","{'url': 'https://blixter.online/utgangspunkt/index.html', 'proto': 'HTTP/1.1', 'tls_version': 'tls1.3'}",0,2
"2024-02-29T13:14:12+00:00","http_req_failed","","default","https://blixter.online/utgangspunkt/index.html","GET","200","true","amazon:us:columbus","{'url': 'https://blixter.online/utgangspunkt/index.html', 'proto': 'HTTP/1.1', 'tls_version': 'tls1.3'}",0,3
"2024-02-29T13:14:15+00:00","http_req_failed","","default","https://blixter.online/utgangspunkt/index.html","GET","200","true","amazon:us:columbus","{'url': 'https://blixter.online/utgangspunkt/index.html', 'proto': 'HTTP/1.1', 'tls_version': 'tls1.3'}",0,4
"2024-02-29T13:14:18+00:00","http_req_failed","","default","https://blixter.online/utgangspunkt/index.html","GET","200","true","amazon:us:columbus","{'url': 'https://blixter.online/utgangspunkt/index.html', 'proto': 'HTTP/1.1', 'tls_version': 'tls1.3'}",0,6
"2024-02-29T13:14:21+00:00","http_req_failed","","default","https://blixter.online/utgangspunkt/index.html","GET","200","true","amazon:us:columbus","{'url': 'https://blixter.online/utgangspunkt/index.html', 'proto': 'HTTP/1.1', 'tls_version': 'tls1.3'}",0,7
"2024-02-29T13:14:24+00:00","http_req_failed","","default","https://blixter.online/utgangspunkt/index.html","GET","200","true","amazon:us:columbus","{'url': 'https://blixter.online/utgangspunkt/index.html', 'proto': 'HTTP/1.1', 'tls_version': 'tls1.3'}",0,7
"2024-02-29T13:14:27+00:00","http_req_failed","","default","https://blixter.online/utgangspunkt/index.html","GET","200","true","amazon:us:columbus","{'url': 'https://blixter.online/utgangspunkt/index.html', 'proto': 'HTTP/1.1', 'tls_version': 'tls1.3'}",0,9
"2024-02-29T13:14:30+00:00","http_req_failed","","default","https://blixter.online/utgangspunkt/index.html","GET","200","true","amazon:us:columbus","{'url': 'https://blixter.online/utgangspunkt/index.html', 'proto': 'HTTP/1.1', 'tls_version': 'tls1.3'}",0,12
"2024-02-29T13:14:33+00:00","http_req_failed","","default","https://blixter.online/utgangspunkt/index.html","GET","200","true","amazon:us:columbus","{'url': 'https://blixter.online/utgangspunkt/index.html', 'proto': 'HTTP/1.1', 'tls_version': 'tls1.3'}",0,11
"2024-02-29T13:14:36+00:00","http_req_failed","","default","https://blixter.online/utgangspunkt/index.html","GET","200","true","amazon:us:columbus","{'url': 'https://blixter.online/utgangspunkt/index.html', 'proto': 'HTTP/1.1', 'tls_version': 'tls1.3'}",0,13
"2024-02-29T13:14:39+00:00","http_req_failed","","default","https://blixter.online/utgangspunkt/index.html","GET","200","true","amazon:us:columbus","{'url': 'https://blixter.online/utgangspunkt/index.html', 'proto': 'HTTP/1.1', 'tls_version': 'tls1.3'}",0,13
"2024-02-29T13:14:42+00:00","http_req_failed","","default","https://blixter.online/utgangspunkt/index.html","GET","200","true","amazon:us:columbus","{'url': 'https://blixter.online/utgangspunkt/index.html', 'proto': 'HTTP/1.1', 'tls_version': 'tls1.3'}",0,17
"2024-02-29T13:14:45+00:00","http_req_failed","","default","https://blixter.online/utgangspunkt/index.html","GET","200","true","amazon:us:columbus","{'url': 'https://blixter.online/utgangspunkt/index.html', 'proto': 'HTTP/1.1', 'tls_version': 'tls1.3'}",0,17
"2024-02-29T13:14:48+00:00","http_req_failed","","default","https://blixter.online/utgangspunkt/index.html","GET","200","true","amazon:us:columbus","{'url': 'https://blixter.online/utgangspunkt/index.html', 'proto': 'HTTP/1.1', 'tls_version': 'tls1.3'}",0,17
"2024-02-29T13:14:51+00:00","http_req_failed","","default","https://blixter.online/utgangspunkt/index.html","GET","200","true","amazon:us:columbus","{'url': 'https://blixter.online/utgangspunkt/index.html', 'proto': 'HTTP/1.1', 'tls_version': 'tls1.3'}",0,19
"2024-02-29T13:14:54+00:00","http_req_failed","","default","https://blixter.online/utgangspunkt/index.html","GET","200","true","amazon:us:columbus","{'url': 'https://blixter.online/utgangspunkt/index.html', 'proto': 'HTTP/1.1', 'tls_version': 'tls1.3'}",0,22
"2024-02-29T13:14:57+00:00","http_req_failed","","default","https://blixter.online/utgangspunkt/index.html","GET","200","true","amazon:us:columbus","{'url': 'https://blixter.online/utgangspunkt/index.html', 'proto': 'HTTP/1.1', 'tls_version': 'tls1.3'}",0,21
"2024-02-29T13:15:00+00:00","http_req_failed","","default","https://blixter.online/utgangspunkt/index.html","GET","200","true","amazon:us:columbus","{'url': 'https://blixter.online/utgangspunkt/index.html', 'proto': 'HTTP/1.1', 'tls_version': 'tls1.3'}",0,23
"2024-02-29T13:15:03+00:00","http_req_failed","","default","https://blixter.online/utgangspunkt/index.html","GET","200","true","amazon:us:columbus","{'url': 'https://blixter.online/utgangspunkt/index.html', 'proto': 'HTTP/1.1', 'tls_version': 'tls1.3'}",0,24
"2024-02-29T13:15:06+00:00","http_req_failed","","default","https://blixter.online/utgangspunkt/index.html","GET","200","true","amazon:us:columbus","{'url': 'https://blixter.online/utgangspunkt/index.html', 'proto': 'HTTP/1.1', 'tls_version': 'tls1.3'}",0,26
"2024-02-29T13:15:09+00:00","http_req_failed","","default","https://blixter.online/utgangspunkt/index.html","GET","200","true","amazon:us:columbus","{'url': 'https://blixter.online/utgangspunkt/index.html', 'proto': 'HTTP/1.1', 'tls_version': 'tls1.3'}",0,26
"2024-02-29T13:15:12+00:00","http_req_failed","","default","https://blixter.online/utgangspunkt/index.html","GET","200","true","amazon:us:columbus","{'url': 'https://blixter.online/utgangspunkt/index.html', 'proto': 'HTTP/1.1', 'tls_version': 'tls1.3'}",0,29
"2024-02-29T13:15:15+00:00","http_req_failed","","default","https://blixter.online/utgangspunkt/index.html","GET","200","true","amazon:us:columbus","{'url': 'https://blixter.online/utgangspunkt/index.html', 'proto': 'HTTP/1.1', 'tls_version': 'tls1.3'}",0,29
"2024-02-29T13:15:18+00:00","http_req_failed","","default","https://blixter.online/utgangspunkt/index.html","GET","200","true","amazon:us:columbus","{'url': 'https://blixter.online/utgangspunkt/index.html', 'proto': 'HTTP/1.1', 'tls_version': 'tls1.3'}",0,31
"2024-02-29T13:15:21+00:00","http_req_failed","","default","https://blixter.online/utgangspunkt/index.html","GET","200","true","amazon:us:columbus","{'url': 'https://blixter.online/utgangspunkt/index.html', 'proto': 'HTTP/1.1', 'tls_version': 'tls1.3'}",0,31
"2024-02-29T13:15:24+00:00","http_req_failed","","default","https://blixter.online/utgangspunkt/index.html","GET","200","true","amazon:us:columbus","{'url': 'https://blixter.online/utgangspunkt/index.html', 'proto': 'HTTP/1.1', 'tls_version': 'tls1.3'}",0,33
"2024-02-29T13:15:27+00:00","http_req_failed","","default","https://blixter.online/utgangspunkt/index.html","GET","200","true","amazon:us:columbus","{'url': 'https://blixter.online/utgangspunkt/index.html', 'proto': 'HTTP/1.1', 'tls_version': 'tls1.3'}",0,35
"2024-02-29T13:15:30+00:00","http_req_failed","","default","https://blixter.online/utgangspunkt/index.html","GET","200","true","amazon:us:columbus","{'url': 'https://blixter.online/utgangspunkt/index.html', 'proto': 'HTTP/1.1', 'tls_version': 'tls1.3'}",0,35
"2024-02-29T13:15:33+00:00","http_req_failed","","default","https://blixter.online/utgangspunkt/index.html","GET","200","true","amazon:us:columbus","{'url': 'https://blixter.online/utgangspunkt/index.html', 'proto': 'HTTP/1.1', 'tls_version': 'tls1.3'}",0,38
"2024-02-29T13:15:36+00:00","http_req_failed","","default","https://blixter.online/utgangspunkt/index.html","GET","200","true","amazon:us:columbus","{'url': 'https://blixter.online/utgangspunkt/index.html', 'proto': 'HTTP/1.1', 'tls_version': 'tls1.3'}",0,37
"2024-02-29T13:15:39+00:00","http_req_failed","","default","https://blixter.online/utgangspunkt/index.html","GET","200","true","amazon:us:columbus","{'url': 'https://blixter.online/utgangspunkt/index.html', 'proto': 'HTTP/1.1', 'tls_version': 'tls1.3'}",0,40
"2024-02-29T13:15:42+00:00","http_req_failed","","default","https://blixter.online/utgangspunkt/index.html","GET","200","true","amazon:us:columbus","{'url': 'https://blixter.online/utgangspunkt/index.html', 'proto': 'HTTP/1.1', 'tls_version': 'tls1.3'}",0,40
"2024-02-29T13:15:45+00:00","http_req_failed","","default","https://blixter.online/utgangspunkt/index.html","GET","200","true","amazon:us:columbus","{'url': 'https://blixter.online/utgangspunkt/index.html', 'proto': 'HTTP/1.1', 'tls_version': 'tls1.3'}",0,43
"2024-02-29T13:15:48+00:00","http_req_failed","","default","https://blixter.online/utgangspunkt/index.html","GET","200","true","amazon:us:columbus","{'url': 'https://blixter.online/utgangspunkt/index.html', 'proto': 'HTTP/1.1', 'tls_version': 'tls1.3'}",0,42
"2024-02-29T13:15:51+00:00","http_req_failed","","default","https://blixter.online/utgangspunkt/index.html","GET","200","true","amazon:us:columbus","{'url': 'https://blixter.online/utgangspunkt/index.html', 'proto': 'HTTP/1.1', 'tls_version': 'tls1.3'}",0,45
"2024-02-29T13:15:54+00:00","http_req_failed","","default","https://blixter.online/utgangspunkt/index.html","GET","200","true","amazon:us:columbus","{'url': 'https://blixter.online/utgangspunkt/index.html', 'proto': 'HTTP/1.1', 'tls_version': 'tls1.3'}",0,45
"2024-02-29T13:15:57+00:00","http_req_failed","","default","https://blixter.online/utgangspunkt/index.html","GET","200","true","amazon:us:columbus","{'url': 'https://blixter.online/utgangspunkt/index.html', 'proto': 'HTTP/1.1', 'tls_version': 'tls1.3'}",0,48
"2024-02-29T13:16:00+00:00","http_req_failed","","default","https://blixter.online/utgangspunkt/index.html","GET","200","true","amazon:us:columbus","{'url': 'https://blixter.online/utgangspunkt/index.html', 'proto': 'HTTP/1.1', 'tls_version': 'tls1.3'}",0,48
"2024-02-29T13:16:03+00:00","http_req_failed","","default","https://blixter.online/utgangspunkt/index.html","GET","200","true","amazon:us:columbus","{'url': 'https://blixter.online/utgangspunkt/index.html', 'proto': 'HTTP/1.1', 'tls_version': 'tls1.3'}",0,49
"2024-02-29T13:16:06+00:00","http_req_failed","","default","https://blixter.online/utgangspunkt/index.html","GET","200","true","amazon:us:columbus","{'url': 'https://blixter.online/utgangspunkt/index.html', 'proto': 'HTTP/1.1', 'tls_version': 'tls1.3'}",0,50
"2024-02-29T13:16:09+00:00","http_req_failed","","default","https://blixter.online/utgangspunkt/index.html","GET","200","true","amazon:us:columbus","{'url': 'https://blixter.online/utgangspunkt/index.html', 'proto': 'HTTP/1.1', 'tls_version': 'tls1.3'}",0,53
"2024-02-29T13:16:12+00:00","http_req_failed","","default","https://blixter.online/utgangspunkt/index.html","GET","200","true","amazon:us:columbus","{'url': 'https://blixter.online/utgangspunkt/index.html', 'proto': 'HTTP/1.1', 'tls_version': 'tls1.3'}",0,51
"2024-02-29T13:16:15+00:00","http_req_failed","","default","https://blixter.online/utgangspunkt/index.html","GET","200","true","amazon:us:columbus","{'url': 'https://blixter.online/utgangspunkt/index.html', 'proto': 'HTTP/1.1', 'tls_version': 'tls1.3'}",0,56
"2024-02-29T13:16:18+00:00","http_req_failed","","default","https://blixter.online/utgangspunkt/index.html","GET","200","true","amazon:us:columbus","{'url': 'https://blixter.online/utgangspunkt/index.html', 'proto': 'HTTP/1.1', 'tls_version': 'tls1.3'}",0,56
"2024-02-29T13:16:21+00:00","http_req_failed","","default","https://blixter.online/utgangspunkt/index.html","GET","200","true","amazon:us:columbus","{'url': 'https://blixter.online/utgangspunkt/index.html', 'proto': 'HTTP/1.1', 'tls_version': 'tls1.3'}",0,56
"2024-02-29T13:16:24+00:00","http_req_failed","","default","https://blixter.online/utgangspunkt/index.html","GET","200","true","amazon:us:columbus","{'url': 'https://blixter.online/utgangspunkt/index.html', 'proto': 'HTTP/1.1', 'tls_version': 'tls1.3'}",0,60
"2024-02-29T13:16:27+00:00","http_req_failed","","default","https://blixter.online/utgangspunkt/index.html","GET","200","true","amazon:us:columbus","{'url': 'https://blixter.online/utgangspunkt/index.html', 'proto': 'HTTP/1.1', 'tls_version': 'tls1.3'}",0,59
"2024-02-29T13:16:30+00:00","http_req_failed","","default","https://blixter.online/utgangspunkt/index.html","GET","200","true","amazon:us:columbus","{'url': 'https://blixter.online/utgangspunkt/index.html', 'proto': 'HTTP/1.1', 'tls_version': 'tls1.3'}",0,59
"2024-02-29T13:16:33+00:00","http_req_failed","","default","https://blixter.online/utgangspunkt/index.html","GET","200","true","amazon:us:columbus","{'url': 'https://blixter.online/utgangspunkt/index.html', 'proto': 'HTTP/1.1', 'tls_version': 'tls1.3'}",0,64
"2024-02-29T13:16:36+00:00","http_req_failed","","default","https://blixter.online/utgangspunkt/index.html","GET","200","true","amazon:us:columbus","{'url': 'https://blixter.online/utgangspunkt/index.html', 'proto': 'HTTP/1.1', 'tls_version': 'tls1.3'}",0,65
"2024-02-29T13:16:39+00:00","http_req_failed","","default","https://blixter.online/utgangspunkt/index.html","GET","200","true","amazon:us:columbus","{'url': 'https://blixter.online/utgangspunkt/index.html', 'proto': 'HTTP/1.1', 'tls_version': 'tls1.3'}",0,64
"2024-02-29T13:16:42+00:00","http_req_failed","","default","https://blixter.online/utgangspunkt/index.html","GET","200","true","amazon:us:columbus","{'url': 'https://blixter.online/utgangspunkt/index.html', 'proto': 'HTTP/1.1', 'tls_version': 'tls1.3'}",0,67
"2024-02-29T13:16:45+00:00","http_req_failed","","default","https://blixter.online/utgangspunkt/index.html","GET","200","true","amazon:us:columbus","{'url': 'https://blixter.online/utgangspunkt/index.html', 'proto': 'HTTP/1.1', 'tls_version': 'tls1.3'}",0,68
"2024-02-29T13:16:48+00:00","http_req_failed","","default","https://blixter.online/utgangspunkt/index.html","GET","200","true","amazon:us:columbus","{'url': 'https://blixter.online/utgangspunkt/index.html', 'proto': 'HTTP/1.1', 'tls_version': 'tls1.3'}",0,69
"2024-02-29T13:16:51+00:00","http_req_failed","","default","https://blixter.online/utgangspunkt/index.html","GET","200","true","amazon:us:columbus","{'url': 'https://blixter.online/utgangspunkt/index.html', 'proto': 'HTTP/1.1', 'tls_version': 'tls1.3'}",0,70
"2024-02-29T13:16:54+00:00","http_req_failed","","default","https://blixter.online/utgangspunkt/index.html","GET","200","true","amazon:us:columbus","{'url': 'https://blixter.online/utgangspunkt/index.html', 'proto': 'HTTP/1.1', 'tls_version': 'tls1.3'}",0,71
"2024-02-29T13:16:57+00:00","http_req_failed","","default","https://blixter.online/utgangspunkt/index.html","GET","200","true","amazon:us:columbus","{'url': 'https://blixter.online/utgangspunkt/index.html', 'proto': 'HTTP/1.1', 'tls_version': 'tls1.3'}",0,72
"2024-02-29T13:17:00+00:00","http_req_failed","","default","https://blixter.online/utgangspunkt/index.html","GET","200","true","amazon:us:columbus","{'url': 'https://blixter.online/utgangspunkt/index.html', 'proto': 'HTTP/1.1', 'tls_version': 'tls1.3'}",0,74
"2024-02-29T13:17:03+00:00","http_req_failed","","default","https://blixter.online/utgangspunkt/index.html","GET","200","true","amazon:us:columbus","{'url': 'https://blixter.online/utgangspunkt/index.html', 'proto': 'HTTP/1.1', 'tls_version': 'tls1.3'}",0,77
"2024-02-29T13:17:06+00:00","http_req_failed","","default","https://blixter.online/utgangspunkt/index.html","GET","200","true","amazon:us:columbus","{'url': 'https://blixter.online/utgangspunkt/index.html', 'proto': 'HTTP/1.1', 'tls_version': 'tls1.3'}",0,77
"2024-02-29T13:17:09+00:00","http_req_failed","","default","https://blixter.online/utgangspunkt/index.html","GET","200","true","amazon:us:columbus","{'url': 'https://blixter.online/utgangspunkt/index.html', 'proto': 'HTTP/1.1', 'tls_version': 'tls1.3'}",0,78
"2024-02-29T13:17:12+00:00","http_req_failed","","default","https://blixter.online/utgangspunkt/index.html","GET","200","true","amazon:us:columbus","{'url': 'https://blixter.online/utgangspunkt/index.html', 'proto': 'HTTP/1.1', 'tls_version': 'tls1.3'}",0,79
"2024-02-29T13:17:15+00:00","http_req_failed","","default","https://blixter.online/utgangspunkt/index.html","GET","200","true","amazon:us:columbus","{'url': 'https://blixter.online/utgangspunkt/index.html', 'proto': 'HTTP/1.1', 'tls_version': 'tls1.3'}",0,82
"2024-02-29T13:17:18+00:00","http_req_failed","","default","https://blixter.online/utgangspunkt/index.html","GET","200","true","amazon:us:columbus","{'url': 'https://blixter.online/utgangspunkt/index.html', 'proto': 'HTTP/1.1', 'tls_version': 'tls1.3'}",0,83
"2024-02-29T13:17:21+00:00","http_req_failed","","default","https://blixter.online/utgangspunkt/index.html","GET","200","true","amazon:us:columbus","{'url': 'https://blixter.online/utgangspunkt/index.html', 'proto': 'HTTP/1.1', 'tls_version': 'tls1.3'}",0,81
"2024-02-29T13:17:24+00:00","http_req_failed","","default","https://blixter.online/utgangspunkt/index.html","GET","200","true","amazon:us:columbus","{'url': 'https://blixter.online/utgangspunkt/index.html', 'proto': 'HTTP/1.1', 'tls_version': 'tls1.3'}",0,86
"2024-02-29T13:17:27+00:00","http_req_failed","","default","https://blixter.online/utgangspunkt/index.html","GET","200","true","amazon:us:columbus","{'url': 'https://blixter.online/utgangspunkt/index.html', 'proto': 'HTTP/1.1', 'tls_version': 'tls1.3'}",0,87
"2024-02-29T13:17:30+00:00","http_req_failed","","default","https://blixter.online/utgangspunkt/index.html","GET","200","true","amazon:us:columbus","{'url': 'https://blixter.online/utgangspunkt/index.html', 'proto': 'HTTP/1.1', 'tls_version': 'tls1.3'}",0,88
"2024-02-29T13:17:33+00:00","http_req_failed","","default","https://blixter.online/utgangspunkt/index.html","GET","200","true","amazon:us:columbus","{'url': 'https://blixter.online/utgangspunkt/index.html', 'proto': 'HTTP/1.1', 'tls_version': 'tls1.3'}",0,87
"2024-02-29T13:17:36+00:00","http_req_failed","","default","https://blixter.online/utgangspunkt/index.html","GET","200","true","amazon:us:columbus","{'url': 'https://blixter.online/utgangspunkt/index.html', 'proto': 'HTTP/1.1', 'tls_version': 'tls1.3'}",0,90
"2024-02-29T13:17:39+00:00","http_req_failed","","default","https://blixter.online/utgangspunkt/index.html","GET","200","true","amazon:us:columbus","{'url': 'https://blixter.online/utgangspunkt/index.html', 'proto': 'HTTP/1.1', 'tls_version': 'tls1.3'}",0,92
"2024-02-29T13:17:42+00:00","http_req_failed","","default","https://blixter.online/utgangspunkt/index.html","GET","200","true","amazon:us:columbus","{'url': 'https://blixter.online/utgangspunkt/index.html', 'proto': 'HTTP/1.1', 'tls_version': 'tls1.3'}",0,92
"2024-02-29T13:17:45+00:00","http_req_failed","","default","https://blixter.online/utgangspunkt/index.html","GET","200","true","amazon:us:columbus","{'url': 'https://blixter.online/utgangspunkt/index.html', 'proto': 'HTTP/1.1', 'tls_version': 'tls1.3'}",0,93
"2024-02-29T13:17:48+00:00","http_req_failed","","default","https://blixter.online/utgangspunkt/index.html","GET","200","true","amazon:us:columbus","{'url': 'https://blixter.online/utgangspunkt/index.html', 'proto': 'HTTP/1.1', 'tls_version': 'tls1.3'}",0,99
"2024-02-29T13:17:51+00:00","http_req_failed","","default","https://blixter.online/utgangspunkt/index.html","GET","200","true","amazon:us:columbus","{'url': 'https://blixter.online/utgangspunkt/index.html', 'proto': 'HTTP/1.1', 'tls_version': 'tls1.3'}",0,95
"2024-02-29T13:17:54+00:00","http_req_failed","","default","https://blixter.online/utgangspunkt/index.html","GET","200","true","amazon:us:columbus","{'url': 'https://blixter.online/utgangspunkt/index.html', 'proto': 'HTTP/1.1', 'tls_version': 'tls1.3'}",0,99
"2024-02-29T13:17:57+00:00","http_req_failed","","default","https://blixter.online/utgangspunkt/index.html","GET","200","true","amazon:us:columbus","{'url': 'https://blixter.online/utgangspunkt/index.html', 'proto': 'HTTP/1.1', 'tls_version': 'tls1.3'}",0,98
"2024-02-29T13:18:00+00:00","http_req_failed","","default","https://blixter.online/utgangspunkt/index.html","GET","200","true","amazon:us:columbus","{'url': 'https://blixter.online/utgangspunkt/index.html', 'proto': 'HTTP/1.1', 'tls_version': 'tls1.3'}",0,103
"2024-02-29T13:18:03+00:00","http_req_failed","","default","https://blixter.online/utgangspunkt/index.html","GET","200","true","amazon:us:columbus","{'url': 'https://blixter.online/utgangspunkt/index.html', 'proto': 'HTTP/1.1', 'tls_version': 'tls1.3'}",0,101
"2024-02-29T13:18:06+00:00","http_req_failed","","default","https://blixter.online/utgangspunkt/index.html","GET","200","true","amazon:us:columbus","{'url': 'https://blixter.online/utgangspunkt/index.html', 'proto': 'HTTP/1.1', 'tls_version': 'tls1.3'}",0,104
"2024-02-29T13:18:09+00:00","http_req_failed","","default","https://blixter.online/utgangspunkt/index.html","GET","200","true","amazon:us:columbus","{'url': 'https://blixter.online/utgangspunkt/index.html', 'proto': 'HTTP/1.1', 'tls_version': 'tls1.3'}",0,102
"2024-02-29T13:18:12+00:00","http_req_failed","","default","https://blixter.online/utgangspunkt/index.html","GET","200","true","amazon:us:columbus","{'url': 'https://blixter.online/utgangspunkt/index.html', 'proto': 'HTTP/1.1', 'tls_version': 'tls1.3'}",0,108
"2024-02-29T13:18:15+00:00","http_req_failed","","default","https://blixter.online/utgangspunkt/index.html","GET","200","true","amazon:us:columbus","{'url': 'https://blixter.online/utgangspunkt/index.html', 'proto': 'HTTP/1.1', 'tls_version': 'tls1.3'}",0,107
"2024-02-29T13:18:18+00:00","http_req_failed","","default","https://blixter.online/utgangspunkt/index.html","GET","200","true","amazon:us:columbus","{'url': 'https://blixter.online/utgangspunkt/index.html', 'proto': 'HTTP/1.1', 'tls_version': 'tls1.3'}",0,109
"2024-02-29T13:18:21+00:00","http_req_failed","","default","https://blixter.online/utgangspunkt/index.html","GET","200","true","amazon:us:columbus","{'url': 'https://blixter.online/utgangspunkt/index.html', 'proto': 'HTTP/1.1', 'tls_version': 'tls1.3'}",0,112
"2024-02-29T13:18:24+00:00","http_req_failed","","default","https://blixter.online/utgangspunkt/index.html","GET","200","true","amazon:us:columbus","{'url': 'https://blixter.online/utgangspunkt/index.html', 'proto': 'HTTP/1.1', 'tls_version': 'tls1.3'}",0,108
"2024-02-29T13:18:27+00:00","http_req_failed","","default","https://blixter.online/utgangspunkt/index.html","GET","200","true","amazon:us:columbus","{'url': 'https://blixter.online/utgangspunkt/index.html', 'proto': 'HTTP/1.1', 'tls_version': 'tls1.3'}",0,112
"2024-02-29T13:18:30+00:00","http_req_failed","","default","https://blixter.online/utgangspunkt/index.html","GET","200","true","amazon:us:columbus","{'url': 'https://blixter.online/utgangspunkt/index.html', 'proto': 'HTTP/1.1', 'tls_version': 'tls1.3'}",0,115
"2024-02-29T13:18:33+00:00","http_req_failed","","default","https://blixter.online/utgangspunkt/index.html","GET","200","true","amazon:us:columbus","{'url': 'https://blixter.online/utgangspunkt/index.html', 'proto': 'HTTP/1.1', 'tls_version': 'tls1.3'}",0,112
"2024-02-29T13:18:36+00:00","http_req_failed","","default","https://blixter.online/utgangspunkt/index.html","GET","200","true","amazon:us:columbus","{'url': 'https://blixter.online/utgangspunkt/index.html', 'proto': 'HTTP/1.1', 'tls_version': 'tls1.3'}",0,120
"2024-02-29T13:18:39+00:00","http_req_failed","","default","https://blixter.online/utgangspunkt/index.html","GET","200","true","amazon:us:columbus","{'url': 'https://blixter.online/utgangspunkt/index.html', 'proto': 'HTTP/1.1', 'tls_version': 'tls1.3'}",0,116
"2024-02-29T13:18:42+00:00","http_req_failed","","default","https://blixter.online/utgangspunkt/index.html","GET","200","true","amazon:us:columbus","{'url': 'https://blixter.online/utgangspunkt/index.html', 'proto': 'HTTP/1.1', 'tls_version': 'tls1.3'}",0,120
"2024-02-29T13:18:45+00:00","http_req_failed","","default","https://blixter.online/utgangspunkt/index.html","GET","200","true","amazon:us:columbus","{'url': 'https://blixter.online/utgangspunkt/index.html', 'proto': 'HTTP/1.1', 'tls_version': 'tls1.3'}",0,120
"2024-02-29T13:18:48+00:00","http_req_failed","","default","https://blixter.online/utgangspunkt/index.html","GET","200","true","amazon:us:columbus","{'url': 'https://blixter.online/utgangspunkt/index.html', 'proto': 'HTTP/1.1', 'tls_version': 'tls1.3'}",0,123
"2024-02-29T13:18:51+00:00","http_req_failed","","default","https://blixter.online/utgangspunkt/index.html","GET","200","true","amazon:us:columbus","{'url': 'https://blixter.online/utgangspunkt/index.html', 'proto': 'HTTP/1.1', 'tls_version': 'tls1.3'}",0,122
"2024-02-29T13:18:54+00:00","http_req_failed","","default","https://blixter.online/utgangspunkt/index.html","GET","200","true","amazon:us:columbus","{'url': 'https://blixter.online/utgangspunkt/index.html', 'proto': 'HTTP/1.1', 'tls_version': 'tls1.3'}",0,126
"2024-02-29T13:18:57+00:00","http_req_failed","","default","https://blixter.online/utgangspunkt/index.html","GET","200","true","amazon:us:columbus","{'url': 'https://blixter.online/utgangspunkt/index.html', 'proto': 'HTTP/1.1', 'tls_version': 'tls1.3'}",0,126
"2024-02-29T13:19:00+00:00","http_req_failed","","default","https://blixter.online/utgangspunkt/index.html","GET","200","true","amazon:us:columbus","{'url': 'https://blixter.online/utgangspunkt/index.html', 'proto': 'HTTP/1.1', 'tls_version': 'tls1.3'}",0,128
"2024-02-29T13:19:03+00:00","http_req_failed","","default","https://blixter.online/utgangspunkt/index.html","GET","200","true","amazon:us:columbus","{'url': 'https://blixter.online/utgangspunkt/index.html', 'proto': 'HTTP/1.1', 'tls_version': 'tls1.3'}",0,129
"2024-02-29T13:19:06+00:00","http_req_failed","","default","https://blixter.online/utgangspunkt/index.html","GET","200","true","amazon:us:columbus","{'url': 'https://blixter.online/utgangspunkt/index.html', 'proto': 'HTTP/1.1', 'tls_version': 'tls1.3'}",0,129
"2024-02-29T13:19:09+00:00","http_req_failed","","default","https://blixter.online/utgangspunkt/index.html","GET","200","true","amazon:us:columbus","{'url': 'https://blixter.online/utgangspunkt/index.html', 'proto': 'HTTP/1.1', 'tls_version': 'tls1.3'}",0,128
"2024-02-29T13:19:12+00:00","http_req_failed","","default","https://blixter.online/utgangspunkt/index.html","GET","200","true","amazon:us:columbus","{'url': 'https://blixter.online/utgangspunkt/index.html', 'proto': 'HTTP/1.1', 'tls_version': 'tls1.3'}",0,135
"2024-02-29T13:19:15+00:00","http_req_failed","","default","https://blixter.online/utgangspunkt/index.html","GET","200","true","amazon:us:columbus","{'url': 'https://blixter.online/utgangspunkt/index.html', 'proto': 'HTTP/1.1', 'tls_version': 'tls1.3'}",0,130
"2024-02-29T13:19:18+00:00","http_req_failed","","default","https://blixter.online/utgangspunkt/index.html","GET","200","true","amazon:us:columbus","{'url': 'https://blixter.online/utgangspunkt/index.html', 'proto': 'HTTP/1.1', 'tls_version': 'tls1.3'}",0,139
"2024-02-29T13:19:21+00:00","http_req_failed","","default","https://blixter.online/utgangspunkt/index.html","GET","200","true","amazon:us:columbus","{'url': 'https://blixter.online/utgangspunkt/index.html', 'proto': 'HTTP/1.1', 'tls_version': 'tls1.3'}",0,134
"2024-02-29T13:19:24+00:00","http_req_failed","","default","https://blixter.online/utgangspunkt/index.html","GET","200","true","amazon:us:columbus","{'url': 'https://blixter.online/utgangspunkt/index.html', 'proto': 'HTTP/1.1', 'tls_version': 'tls1.3'}",0,136
"2024-02-29T13:19:27+00:00","http_req_failed","","default","https://blixter.online/utgangspunkt/index.html","GET","200","true","amazon:us:columbus","{'url': 'https://blixter.online/utgangspunkt/index.html', 'proto': 'HTTP/1.1', 'tls_version': 'tls1.3'}",0,142
"2024-02-29T13:19:30+00:00","http_req_failed","","default","https://blixter.online/utgangspunkt/index.html","GET","200","true","amazon:us:columbus","{'url': 'https://blixter.online/utgangspunkt/index.html', 'proto': 'HTTP/1.1', 'tls_version': 'tls1.3'}",0,140
"2024-02-29T13:19:33+00:00","http_req_failed","","default","https://blixter.online/utgangspunkt/index.html","GET","200","true","amazon:us:columbus","{'url': 'https://blixter.online/utgangspunkt/index.html', 'proto': 'HTTP/1.1', 'tls_version': 'tls1.3'}",0,139
"2024-02-29T13:19:36+00:00","http_req_failed","","default","https://blixter.online/utgangspunkt/index.html","GET","200","true","amazon:us:columbus","{'url': 'https://blixter.online/utgangspunkt/index.html', 'proto': 'HTTP/1.1', 'tls_version': 'tls1.3'}",0,145
"2024-02-29T13:19:39+00:00","http_req_failed","","default","https://blixter.online/utgangspunkt/index.html","GET","200","true","amazon:us:columbus","{'url': 'https://blixter.online/utgangspunkt/index.html', 'proto': 'HTTP/1.1', 'tls_version': 'tls1.3'}",0,144
"2024-02-29T13:19:42+00:00","http_req_failed","","default","https://blixter.online/utgangspunkt/index.html","GET","200","true","amazon:us:columbus","{'url': 'https://blixter.online/utgangspunkt/index.html', 'proto': 'HTTP/1.1', 'tls_version': 'tls1.3'}",0,148
"2024-02-29T13:19:45+00:00","http_req_failed","","default","https://blixter.online/utgangspunkt/index.html","GET","200","true","amazon:us:columbus","{'url': 'https://blixter.online/utgangspunkt/index.html', 'proto': 'HTTP/1.1', 'tls_version': 'tls1.3'}",0,144
"2024-02-29T13:19:48+00:00","http_req_failed","","default","https://blixter.online/utgangspunkt/index.html","GET","200","true","amazon:us:columbus","{'url': 'https://blixter.online/utgangspunkt/index.html', 'proto': 'HTTP/1.1', 'tls_version': 'tls1.3'}",0,151
"2024-02-29T13:19:51+00:00","http_req_failed","","default","https://blixter.online/utgangspunkt/index.html","GET","200","true","amazon:us:columbus","{'url': 'https://blixter.online/utgangspunkt/index.html', 'proto': 'HTTP/1.1', 'tls_version': 'tls1.3'}",0,150
"2024-02-29T13:19:54+00:00","http_req_failed","","default","https://blixter.online/utgangspunkt/index.html","GET","200","true","amazon:us:columbus","{'url': 'https://blixter.online/utgangspunkt/index.html', 'proto': 'HTTP/1.1', 'tls_version': 'tls1.3'}",0,151
"2024-02-29T13:19:57+00:00","http_req_failed","","default","https://blixter.online/utgangspunkt/index.html","GET","200","true","amazon:us:columbus","{'url': 'https://blixter.online/utgangspunkt/index.html', 'proto': 'HTTP/1.1', 'tls_version': 'tls1.3'}",0,149
"2024-02-29T13:20:00+00:00","http_req_failed","","default","https://blixter.online/utgangspunkt/index.html","GET","200","true","amazon:us:columbus","{'url': 'https://blixter.online/utgangspunkt/index.html', 'proto': 'HTTP/1.1', 'tls_version': 'tls1.3'}",0,155
"2024-02-29T13:20:03+00:00","http_req_failed","","default","https://blixter.online/utgangspunkt/index.html","GET","200","true","amazon:us:columbus","{'url': 'https://blixter.online/utgangspunkt/index.html', 'proto': 'HTTP/1.1', 'tls_version': 'tls1.3'}",0,153
"2024-02-29T13:20:06+00:00","http_req_failed","","default","https://blixter.online/utgangspunkt/index.html","GET","200","true","amazon:us:columbus","{'url': 'https://blixter.online/utgangspunkt/index.html', 'proto': 'HTTP/1.1', 'tls_version': 'tls1.3'}",0,154
"2024-02-29T13:20:09+00:00","http_req_failed","","default","https://blixter.online/utgangspunkt/index.html","GET","200","true","amazon:us:columbus","{'url': 'https://blixter.online/utgangspunkt/index.html', 'proto': 'HTTP/1.1', 'tls_version': 'tls1.3'}",0,157
"2024-02-29T13:20:12+00:00","http_req_failed","","default","https://blixter.online/utgangspunkt/index.html","GET","200","true","amazon:us:columbus","{'url': 'https://blixter.online/utgangspunkt/index.html', 'proto': 'HTTP/1.1', 'tls_version': 'tls1.3'}",0,158
"2024-02-29T13:20:15+00:00","http_req_failed","","default","https://blixter.online/utgangspunkt/index.html","GET","200","true","amazon:us:columbus","{'url': 'https://blixter.online/utgangspunkt/index.html', 'proto': 'HTTP/1.1', 'tls_version': 'tls1.3'}",0,161
"2024-02-29T13:20:18+00:00","http_req_failed","","default","https://blixter.online/utgangspunkt/index.html","GET","200","true","amazon:us:columbus","{'url': 'https://blixter.online/utgangspunkt/index.html', 'proto': 'HTTP/1.1', 'tls_version': 'tls1.3'}",0,164
"2024-02-29T13:20:21+00:00","http_req_failed","","default","https://blixter.online/utgangspunkt/index.html","GET","200","true","amazon:us:columbus","{'url': 'https://blixter.online/utgangspunkt/index.html', 'proto': 'HTTP/1.1', 'tls_version': 'tls1.3'}",0,161
"2024-02-29T13:20:24+00:00","http_req_failed","","default","https://blixter.online/utgangspunkt/index.html","GET","200","true","amazon:us:columbus","{'url': 'https://blixter.online/utgangspunkt/index.html', 'proto': 'HTTP/1.1', 'tls_version': 'tls1.3'}",0,165
"2024-02-29T13:20:27+00:00","http_req_failed","","default","https://blixter.online/utgangspunkt/index.html","GET","200","true","amazon:us:columbus","{'url': 'https://blixter.online/utgangspunkt/index.html', 'proto': 'HTTP/1.1', 'tls_version': 'tls1.3'}",0,165
"2024-02-29T13:20:30+00:00","http_req_failed","","default","https://blixter.online/utgangspunkt/index.html","GET","200","true","amazon:us:columbus","{'url': 'https://blixter.online/utgangspunkt/index.html', 'proto': 'HTTP/1.1', 'tls_version': 'tls1.3'}",0,167
"2024-02-29T13:20:33+00:00","http_req_failed","","default","https://blixter.online/utgangspunkt/index.html","GET","200","true","amazon:us:columbus","{'url': 'https://blixter.online/utgangspunkt/index.html', 'proto': 'HTTP/1.1', 'tls_version': 'tls1.3'}",0,169
"2024-02-29T13:20:36+00:00","http_req_failed","","default","https://blixter.online/utgangspunkt/index.html","GET","200","true","amazon:us:columbus","{'url': 'https://blixter.online/utgangspunkt/index.html', 'proto': 'HTTP/1.1', 'tls_version': 'tls1.3'}",0,171
"2024-02-29T13:20:39+00:00","http_req_failed","","default","https://blixter.online/utgangspunkt/index.html","GET","200","true","amazon:us:columbus","{'url': 'https://blixter.online/utgangspunkt/index.html', 'proto': 'HTTP/1.1', 'tls_version': 'tls1.3'}",0,169
"2024-02-29T13:20:42+00:00","http_req_failed","","default","https://blixter.online/utgangspunkt/index.html","GET","200","true","amazon:us:columbus","{'url': 'https://blixter.online/utgangspunkt/index.html', 'proto': 'HTTP/1.1', 'tls_version': 'tls1.3'}",0,171
"2024-02-29T13:20:45+00:00","http_req_failed","","default","https://blixter.online/utgangspunkt/index.html","GET","200","true","amazon:us:columbus","{'url': 'https://blixter.online/utgangspunkt/index.html', 'proto': 'HTTP/1.1', 'tls_version': 'tls1.3'}",0,174
"2024-02-29T13:20:48+00:00","http_req_failed","","default","https://blixter.online/utgangspunkt/index.html","GET","200","true","amazon:us:columbus","{'url': 'https://blixter.online/utgangspunkt/index.html', 'proto': 'HTTP/1.1', 'tls_version': 'tls1.3'}",0,176
"2024-02-29T13:20:51+00:00","http_req_failed","","default","https://blixter.online/utgangspunkt/index.html","GET","200","true","amazon:us:columbus","{'url': 'https://blixter.online/utgangspunkt/index.html', 'proto': 'HTTP/1.1', 'tls_version': 'tls1.3'}",0,172
"2024-02-29T13:20:54+00:00","http_req_failed","","default","https://blixter.online/utgangspunkt/index.html","GET","200","true","amazon:us:columbus","{'url': 'https://blixter.online/utgangspunkt/index.html', 'proto': 'HTTP/1.1', 'tls_version': 'tls1.3'}",0,175
"2024-02-29T13:20:57+00:00","http_req_failed","","default","https://blixter.online/utgangspunkt/index.html","GET","200","true","amazon:us:columbus","{'url': 'https://blixter.online/utgangspunkt/index.html', 'proto': 'HTTP/1.1', 'tls_version': 'tls1.3'}",0,182
"2024-02-29T13:21:00+00:00","http_req_failed","","default","https://blixter.online/utgangspunkt/index.html","GET","200","true","amazon:us:columbus","{'url': 'https://blixter.online/utgangspunkt/index.html', 'proto': 'HTTP/1.1', 'tls_version': 'tls1.3'}",0,182
"2024-02-29T13:21:03+00:00","http_req_failed","","default","https://blixter.online/utgangspunkt/index.html","GET","200","true","amazon:us:columbus","{'url': 'https://blixter.online/utgangspunkt/index.html', 'proto': 'HTTP/1.1', 'tls_version': 'tls1.3'}",0,176
"2024-02-29T13:21:06+00:00","http_req_failed","","default","https://blixter.online/utgangspunkt/index.html","GET","200","true","amazon:us:columbus","{'url': 'https://blixter.online/utgangspunkt/index.html', 'proto': 'HTTP/1.1', 'tls_version': 'tls1.3'}",0,184
"2024-02-29T13:21:09+00:00","http_req_failed","","default","https://blixter.online/utgangspunkt/index.html","GET","200","true","amazon:us:columbus","{'url': 'https://blixter.online/utgangspunkt/index.html', 'proto': 'HTTP/1.1', 'tls_version': 'tls1.3'}",0,185
"2024-02-29T13:21:12+00:00","http_req_failed","","default","https://blixter.online/utgangspunkt/index.html","GET","200","true","amazon:us:columbus","{'url': 'https://blixter.online/utgangspunkt/index.html', 'proto': 'HTTP/1.1', 'tls_version': 'tls1.3'}",0,184
"2024-02-29T13:21:15+00:00","http_req_failed","","default","https://blixter.online/utgangspunkt/index.html","GET","200","true","amazon:us:columbus","{'url': 'https://blixter.online/utgangspunkt/index.html', 'proto': 'HTTP/1.1', 'tls_version': 'tls1.3'}",0,189
"2024-02-29T13:21:18+00:00","http_req_failed","","default","https://blixter.online/utgangspunkt/index.html","GET","200","true","amazon:us:columbus","{'url': 'https://blixter.online/utgangspunkt/index.html', 'proto': 'HTTP/1.1', 'tls_version': 'tls1.3'}",0,188
"2024-02-29T13:21:21+00:00","http_req_failed","","default","https://blixter.online/utgangspunkt/index.html","GET","200","true","amazon:us:columbus","{'url': 'https://blixter.online/utgangspunkt/index.html', 'proto': 'HTTP/1.1', 'tls_version': 'tls1.3'}",0,189
"2024-02-29T13:21:24+00:00","http_req_failed","","default","https://blixter.online/utgangspunkt/index.html","GET","200","true","amazon:us:columbus","{'url': 'https://blixter.online/utgangspunkt/index.html', 'proto': 'HTTP/1.1', 'tls_version': 'tls1.3'}",0,194
"2024-02-29T13:21:27+00:00","http_req_failed","","default","https://blixter.online/utgangspunkt/index.html","GET","200","true","amazon:us:columbus","{'url': 'https://blixter.online/utgangspunkt/index.html', 'proto': 'HTTP/1.1', 'tls_version': 'tls1.3'}",0,190
"2024-02-29T13:21:30+00:00","http_req_failed","","default","https://blixter.online/utgangspunkt/index.html","GET","200","true","amazon:us:columbus","{'url': 'https://blixter.online/utgangspunkt/index.html', 'proto': 'HTTP/1.1', 'tls_version': 'tls1.3'}",0,193
"2024-02-29T13:21:33+00:00","http_req_failed","","default","https://blixter.online/utgangspunkt/index.html","GET","200","true","amazon:us:columbus","{'url': 'https://blixter.online/utgangspunkt/index.html', 'proto': 'HTTP/1.1', 'tls_version': 'tls1.3'}",0,194
"2024-02-29T13:21:36+00:00","http_req_failed","","default","https://blixter.online/utgangspunkt/index.html","GET","200","true","amazon:us:columbus","{'url': 'https://blixter.online/utgangspunkt/index.html', 'proto': 'HTTP/1.1', 'tls_version': 'tls1.3'}",0,193
"2024-02-29T13:21:39+00:00","http_req_failed","","default","https://blixter.online/utgangspunkt/index.html","GET","200","true","amazon:us:columbus","{'url': 'https://blixter.online/utgangspunkt/index.html', 'proto': 'HTTP/1.1', 'tls_version': 'tls1.3'}",0,199
"2024-02-29T13:21:42+00:00","http_req_failed","","default","https://blixter.online/utgangspunkt/index.html","GET","200","true","amazon:us:columbus","{'url': 'https://blixter.online/utgangspunkt/index.html', 'proto': 'HTTP/1.1', 'tls_version': 'tls1.3'}",0,201
"2024-02-29T13:21:45+00:00","http_req_failed","","default","https://blixter.online/utgangspunkt/index.html","GET","200","true","amazon:us:columbus","{'url': 'https://blixter.online/utgangspunkt/index.html', 'proto': 'HTTP/1.1', 'tls_version': 'tls1.3'}",0,193
"2024-02-29T13:21:48+00:00","http_req_failed","","default","https://blixter.online/utgangspunkt/index.html","GET","200","true","amazon:us:columbus","{'url': 'https://blixter.online/utgangspunkt/index.html', 'proto': 'HTTP/1.1', 'tls_version': 'tls1.3'}",0,200
"2024-02-29T13:21:51+00:00","http_req_failed","","default","https://blixter.online/utgangspunkt/index.html","GET","200","true","amazon:us:columbus","{'url': 'https://blixter.online/utgangspunkt/index.html', 'proto': 'HTTP/1.1', 'tls_version': 'tls1.3'}",0,208
"2024-02-29T13:21:54+00:00","http_req_failed","","default","https://blixter.online/utgangspunkt/index.html","GET","200","true","amazon:us:columbus","{'url': 'https://blixter.online/utgangspunkt/index.html', 'proto': 'HTTP/1.1', 'tls_version': 'tls1.3'}",0,200
"2024-02-29T13:21:57+00:00","http_req_failed","","default","https://blixter.online/utgangspunkt/index.html","GET","200","true","amazon:us:columbus","{'url': 'https://blixter.online/utgangspunkt/index.html', 'proto': 'HTTP/1.1', 'tls_version': 'tls1.3'}",0,205
"2024-02-29T13:22:00+00:00","http_req_failed","","default","https://blixter.online/utgangspunkt/index.html","GET","200","true","amazon:us:columbus","{'url': 'https://blixter.online/utgangspunkt/index.html', 'proto': 'HTTP/1.1', 'tls_version': 'tls1.3'}",0,206
"2024-02-29T13:22:03+00:00","http_req_failed","","default","https://blixter.online/utgangspunkt/index.html","GET","200","true","amazon:us:columbus","{'url': 'https://blixter.online/utgangspunkt/index.html', 'proto': 'HTTP/1.1', 'tls_version': 'tls1.3'}",0,209
"2024-02-29T13:22:06+00:00","http_req_failed","","default","https://blixter.online/utgangspunkt/index.html","GET","200","true","amazon:us:columbus","{'url': 'https://blixter.online/utgangspunkt/index.html', 'proto': 'HTTP/1.1', 'tls_version': 'tls1.3'}",0,209
"2024-02-29T13:22:09+00:00","http_req_failed","","default","https://blixter.online/utgangspunkt/index.html","GET","200","true","amazon:us:columbus","{'url': 'https://blixter.online/utgangspunkt/index.html', 'proto': 'HTTP/1.1', 'tls_version': 'tls1.3'}",0,208
"2024-02-29T13:22:12+00:00","http_req_failed","","default","https://blixter.online/utgangspunkt/index.html","GET","200","true","amazon:us:columbus","{'url': 'https://blixter.online/utgangspunkt/index.html', 'proto': 'HTTP/1.1', 'tls_version': 'tls1.3'}",0,213
"2024-02-29T13:22:15+00:00","http_req_failed","","default","https://blixter.online/utgangspunkt/index.html","GET","200","true","amazon:us:columbus","{'url': 'https://blixter.online/utgangspunkt/index.html', 'proto': 'HTTP/1.1', 'tls_version': 'tls1.3'}",0,216
"2024-02-29T13:22:18+00:00","http_req_failed","","default","https://blixter.online/utgangspunkt/index.html","GET","200","true","amazon:us:columbus","{'url': 'https://blixter.online/utgangspunkt/index.html', 'proto': 'HTTP/1.1', 'tls_version': 'tls1.3'}",0,214
"2024-02-29T13:22:21+00:00","http_req_failed","","default","https://blixter.online/utgangspunkt/index.html","GET","200","true","amazon:us:columbus","{'url': 'https://blixter.online/utgangspunkt/index.html', 'proto': 'HTTP/1.1', 'tls_version': 'tls1.3'}",0,215
"2024-02-29T13:22:24+00:00","http_req_failed","","default","https://blixter.online/utgangspunkt/index.html","GET","200","true","amazon:us:columbus","{'url': 'https://blixter.online/utgangspunkt/index.html', 'proto': 'HTTP/1.1', 'tls_version': 'tls1.3'}",0,216
"2024-02-29T13:22:27+00:00","http_req_failed","","default","https://blixter.online/utgangspunkt/index.html","GET","200","true","amazon:us:columbus","{'url': 'https://blixter.online/utgangspunkt/index.html', 'proto': 'HTTP/1.1', 'tls_version': 'tls1.3'}",0,217
"2024-02-29T13:22:30+00:00","http_req_failed","","default","https://blixter.online/utgangspunkt/index.html","GET","200","true","amazon:us:columbus","{'url': 'https://blixter.online/utgangspunkt/index.html', 'proto': 'HTTP/1.1', 'tls_version': 'tls1.3'}",0,215
"2024-02-29T13:22:33+00:00","http_req_failed","","default","https://blixter.online/utgangspunkt/index.html","GET","200","true","amazon:us:columbus","{'url': 'https://blixter.online/utgangspunkt/index.html', 'proto': 'HTTP/1.1', 'tls_version': 'tls1.3'}",0,225
"2024-02-29T13:22:36+00:00","http_req_failed","","default","https://blixter.online/utgangspunkt/index.html","GET","200","true","amazon:us:columbus","{'url': 'https://blixter.online/utgangspunkt/index.html', 'proto': 'HTTP/1.1', 'tls_version': 'tls1.3'}",0,221
"2024-02-29T13:22:39+00:00","http_req_failed","","default","https://blixter.online/utgangspunkt/index.html","GET","200","true","amazon:us:columbus","{'url': 'https://blixter.online/utgangspunkt/index.html', 'proto': 'HTTP/1.1', 'tls_version': 'tls1.3'}",0,222
"2024-02-29T13:22:42+00:00","http_req_failed","","default","https://blixter.online/utgangspunkt/index.html","GET","200","true","amazon:us:columbus","{'url': 'https://blixter.online/utgangspunkt/index.html', 'proto': 'HTTP/1.1', 'tls_version': 'tls1.3'}",0,223
"2024-02-29T13:22:45+00:00","http_req_failed","","default","https://blixter.online/utgangspunkt/index.html","GET","200","true","amazon:us:columbus","{'url': 'https://blixter.online/utgangspunkt/index.html', 'proto': 'HTTP/1.1', 'tls_version': 'tls1.3'}",0,224
"2024-02-29T13:22:48+00:00","http_req_failed","","default","https://blixter.online/utgangspunkt/index.html","GET","200","true","amazon:us:columbus","{'url': 'https://blixter.online/utgangspunkt/index.html', 'proto': 'HTTP/1.1', 'tls_version': 'tls1.3'}",0,233
"2024-02-29T13:22:51+00:00","http_req_failed","","default","https://blixter.online/utgangspunkt/index.html","GET","200","true","amazon:us:columbus","{'url': 'https://blixter.online/utgangspunkt/index.html', 'proto': 'HTTP/1.1', 'tls_version': 'tls1.3'}",0,223
"2024-02-29T13:22:54+00:00","http_req_failed","","default","https://blixter.online/utgangspunkt/index.html","GET","200","true","amazon:us:columbus","{'url': 'https://blixter.online/utgangspunkt/index.html', 'proto': 'HTTP/1.1', 'tls_version': 'tls1.3'}",0,233
"2024-02-29T13:22:57+00:00","http_req_failed","","default","https://blixter.online/utgangspunkt/index.html","GET","200","true","amazon:us:columbus","{'url': 'https://blixter.online/utgangspunkt/index.html', 'proto': 'HTTP/1.1', 'tls_version': 'tls1.3'}",0,233
"2024-02-29T13:23:00+00:00","http_req_failed","","default","https://blixter.online/utgangspunkt/index.html","GET","200","true","amazon:us:columbus","{'url': 'https://blixter.online/utgangspunkt/index.html', 'proto': 'HTTP/1.1', 'tls_version': 'tls1.3'}",0,233
"2024-02-29T13:23:03+00:00","http_req_failed","","default","https://blixter.online/utgangspunkt/index.html","GET","200","true","amazon:us:columbus","{'url': 'https://blixter.online/utgangspunkt/index.html', 'proto': 'HTTP/1.1', 'tls_version': 'tls1.3'}",0,234
"2024-02-29T13:23:06+00:00","http_req_failed","","default","https://blixter.online/utgangspunkt/index.html","GET","200","true","amazon:us:columbus","{'url': 'https://blixter.online/utgangspunkt/index.html', 'proto': 'HTTP/1.1', 'tls_version': 'tls1.3'}",0,234
"2024-02-29T13:23:09+00:00","http_req_failed","","default","https://blixter.online/utgangspunkt/index.html","GET","200","true","amazon:us:columbus","{'url': 'https://blixter.online/utgangspunkt/index.html', 'proto': 'HTTP/1.1', 'tls_version': 'tls1.3'}",0,237
"2024-02-29T13:23:12+00:00","http_req_failed","","default","https://blixter.online/utgangspunkt/index.html","GET","200","true","amazon:us:columbus","{'url': 'https://blixter.online/utgangspunkt/index.html', 'proto': 'HTTP/1.1', 'tls_version': 'tls1.3'}",0,238
"2024-02-29T13:23:15+00:00","http_req_failed","","default","https://blixter.online/utgangspunkt/index.html","GET","200","true","amazon:us:columbus","{'url': 'https://blixter.online/utgangspunkt/index.html', 'proto': 'HTTP/1.1', 'tls_version': 'tls1.3'}",0,235
"2024-02-29T13:23:18+00:00","http_req_failed","","default","https://blixter.online/utgangspunkt/index.html","GET","200","true","amazon:us:columbus","{'url': 'https://blixter.online/utgangspunkt/index.html', 'proto': 'HTTP/1.1', 'tls_version': 'tls1.3'}",0,245
"2024-02-29T13:23:21+00:00","http_req_failed","","default","https://blixter.online/utgangspunkt/index.html","GET","200","true","amazon:us:columbus","{'url': 'https://blixter.online/utgangspunkt/index.html', 'proto': 'HTTP/1.1', 'tls_version': 'tls1.3'}",0,241
"2024-02-29T13:23:24+00:00","http_req_failed","","default","https://blixter.online/utgangspunkt/index.html","GET","200","true","amazon:us:columbus","{'url': 'https://blixter.online/utgangspunkt/index.html', 'proto': 'HTTP/1.1', 'tls_version': 'tls1.3'}",0,242
"2024-02-29T13:23:27+00:00","http_req_failed","","default","https://blixter.online/utgangspunkt/index.html","GET","200","true","amazon:us:columbus","{'url': 'https://blixter.online/utgangspunkt/index.html', 'proto': 'HTTP/1.1', 'tls_version': 'tls1.3'}",0,239
"2024-02-29T13:23:30+00:00","http_req_failed","","default","https://blixter.online/utgangspunkt/index.html","GET","200","true","amazon:us:columbus","{'url': 'https://blixter.online/utgangspunkt/index.html', 'proto': 'HTTP/1.1', 'tls_version': 'tls1.3'}",0,257
"2024-02-29T13:23:33+00:00","http_req_failed","","default","https://blixter.online/utgangspunkt/index.html","GET","200","true","amazon:us:columbus","{'url': 'https://blixter.online/utgangspunkt/index.html', 'proto': 'HTTP/1.1', 'tls_version': 'tls1.3'}",0,245
"2024-02-29T13:23:36+00:00","http_req_failed","","default","https://blixter.online/utgangspunkt/index.html","GET","200","true","amazon:us:columbus","{'url': 'https://blixter.online/utgangspunkt/index.html', 'proto': 'HTTP/1.1', 'tls_version': 'tls1.3'}",0,246
"2024-02-29T13:23:39+00:00","http_req_failed","","default","https://blixter.online/utgangspunkt/index.html","GET","200","true","amazon:us:columbus","{'url': 'https://blixter.online/utgangspunkt/index.html', 'proto': 'HTTP/1.1', 'tls_version': 'tls1.3'}",0,249
"2024-02-29T13:23:42+00:00","http_req_failed","","default","https://blixter.online/utgangspunkt/index.html","GET","200","true","amazon:us:columbus","{'url': 'https://blixter.online/utgangspunkt/index.html', 'proto': 'HTTP/1.1', 'tls_version': 'tls1.3'}",0,249
"2024-02-29T13:23:45+00:00","http_req_failed","","default","https://blixter.online/utgangspunkt/index.html","GET","200","true","amazon:us:columbus","{'url': 'https://blixter.online/utgangspunkt/index.html', 'proto': 'HTTP/1.1', 'tls_version': 'tls1.3'}",0,256
"2024-02-29T13:23:48+00:00","http_req_failed","","default","https://blixter.online/utgangspunkt/index.html","GET","200","true","amazon:us:columbus","{'url': 'https://blixter.online/utgangspunkt/index.html', 'proto': 'HTTP/1.1', 'tls_version': 'tls1.3'}",0,253
"2024-02-29T13:23:51+00:00","http_req_failed","","default","https://blixter.online/utgangspunkt/index.html","GET","200","true","amazon:us:columbus","{'url': 'https://blixter.online/utgangspunkt/index.html', 'proto': 'HTTP/1.1', 'tls_version': 'tls1.3'}",0,253
"2024-02-29T13:23:54+00:00","http_req_failed","","default","https://blixter.online/utgangspunkt/index.html","GET","200","true","amazon:us:columbus","{'url': 'https://blixter.online/utgangspunkt/index.html', 'proto': 'HTTP/1.1', 'tls_version': 'tls1.3'}",0,261
"2024-02-29T13:23:57+00:00","http_req_failed","","default","https://blixter.online/utgangspunkt/index.html","GET","200","true","amazon:us:columbus","{'url': 'https://blixter.online/utgangspunkt/index.html', 'proto': 'HTTP/1.1', 'tls_version': 'tls1.3'}",0,255
"2024-02-29T13:24:00+00:00","http_req_failed","","default","https://blixter.online/utgangspunkt/index.html","GET","200","true","amazon:us:columbus","{'url': 'https://blixter.online/utgangspunkt/index.html', 'proto': 'HTTP/1.1', 'tls_version': 'tls1.3'}",0,251
"2024-02-29T13:24:03+00:00","http_req_failed","","default","https://blixter.online/utgangspunkt/index.html","GET","200","true","amazon:us:columbus","{'url': 'https://blixter.online/utgangspunkt/index.html', 'proto': 'HTTP/1.1', 'tls_version': 'tls1.3'}",0,262
"2024-02-29T13:24:06+00:00","http_req_failed","","default","https://blixter.online/utgangspunkt/index.html","GET","200","true","amazon:us:columbus","{'url': 'https://blixter.online/utgangspunkt/index.html', 'proto': 'HTTP/1.1', 'tls_version': 'tls1.3'}",0,259
"2024-02-29T13:24:09+00:00","http_req_failed","","default","https://blixter.online/utgangspunkt/index.html","GET","200","true","amazon:us:columbus","{'url': 'https://blixter.online/utgangspunkt/index.html', 'proto': 'HTTP/1.1', 'tls_version': 'tls1.3'}",0,70
