"time","metric","group","scenario","name","method","status","expected_response","load_zone","tags","count","min","mean","median","p95","p99","max","stdev"
"2024-02-29T13:32:06+00:00","http_req_duration","","default","https://blixter.online/materialize/index.html","GET","200","true","amazon:us:columbus","{'url': 'https://blixter.online/materialize/index.html', 'proto': 'HTTP/1.1', 'tls_version': 'tls1.3'}",1,140.136006,140.136006,140.136006,140.136006,140.136006,140.136006,""
"2024-02-29T13:32:09+00:00","http_req_duration","","default","https://blixter.online/materialize/index.html","GET","200","true","amazon:us:columbus","{'url': 'https://blixter.online/materialize/index.html', 'proto': 'HTTP/1.1', 'tls_version': 'tls1.3'}",3,134.033231,134.972476,135.167007446289,135.563380432129,135.598613586426,135.607428,0.751343484518232
"2024-02-29T13:32:12+00:00","http_req_duration","","default","https://blixter.online/materialize/index.html","GET","200","true","amazon:us:columbus","{'url': 'https://blixter.online/materialize/index.html', 'proto': 'HTTP/1.1', 'tls_version': 'tls1.3'}",3,133.499814,135.155098666667,135.167007446289,136.056460571289,136.135523071289,136.155296,1.00620078970617
"2024-02-29T13:32:15+00:00","http_req_duration","","default","https://blixter.online/materialize/index.html","GET","200","true","amazon:us:columbus","{'url': 'https://blixter.online/materialize/index.html', 'proto': 'HTTP/1.1', 'tls_version': 'tls1.3'}",5,134.028139,135.5337692,135.167007446289,136.838870239258,136.96844543457,137.000846,1.09402295695438
"2024-02-29T13:32:18+00:00","http_req_duration","","default","https://blixter.online/materialize/index.html","GET","200","true","amazon:us:columbus","{'url': 'https://blixter.online/materialize/index.html', 'proto': 'HTTP/1.1', 'tls_version': 'tls1.3'}",6,133.633924,135.214705833333,134.655006408691,137.173675537109,137.435723876953,137.501235,1.38775372138005
"2024-02-29T13:32:21+00:00","http_req_duration","","default","https://blixter.online/materialize/index.html","GET","200","true","amazon:us:columbus","{'url': 'https://blixter.online/materialize/index.html', 'proto': 'HTTP/1.1', 'tls_version': 'tls1.3'}",8,133.051653,134.95293125,135.167007446289,136.409036254883,136.502962036133,136.52645,1.12259475353738
"2024-02-29T13:32:24+00:00","http_req_duration","","default","https://blixter.online/materialize/index.html","GET","200","true","amazon:us:columbus","{'url': 'https://blixter.online/materialize/index.html', 'proto': 'HTTP/1.1', 'tls_version': 'tls1.3'}",8,132.948816,135.462432,135.167007446289,138.392847442627,139.341338043213,139.578456,1.89186829453034
"2024-02-29T13:32:27+00:00","http_req_duration","","default","https://blixter.online/materialize/index.html","GET","200","true","amazon:us:columbus","{'url': 'https://blixter.online/materialize/index.html', 'proto': 'HTTP/1.1', 'tls_version': 'tls1.3'}",10,133.918893,137.9405511,137.214996337891,144.840733337402,147.821357116699,148.566511,4.17860941776366
"2024-02-29T13:32:30+00:00","http_req_duration","","default","https://blixter.online/materialize/index.html","GET","200","true","amazon:us:columbus","{'url': 'https://blixter.online/materialize/index.html', 'proto': 'HTTP/1.1', 'tls_version': 'tls1.3'}",12,133.52814,135.886430666667,135.167007446289,137.413526153564,137.607644195557,137.656168,1.15463711428541
"2024-02-29T13:32:33+00:00","http_req_duration","","default","https://blixter.online/materialize/index.html","GET","200","true","amazon:us:columbus","{'url': 'https://blixter.online/materialize/index.html', 'proto': 'HTTP/1.1', 'tls_version': 'tls1.3'}",13,132.788744,135.380235076923,135.167007446289,137.914221191406,138.753291015625,138.963056,1.56917126696283
"2024-02-29T13:32:36+00:00","http_req_duration","","default","https://blixter.online/materialize/index.html","GET","200","true","amazon:us:columbus","{'url': 'https://blixter.online/materialize/index.html', 'proto': 'HTTP/1.1', 'tls_version': 'tls1.3'}",12,132.947342,135.179653833333,135.167007446289,136.720130157471,137.237507476807,137.366846,1.09652380439856
"2024-02-29T13:32:39+00:00","http_req_duration","","default","https://blixter.online/materialize/index.html","GET","200","true","amazon:us:columbus","{'url': 'https://blixter.online/materialize/index.html', 'proto': 'HTTP/1.1', 'tls_version': 'tls1.3'}",16,133.06557,135.187645,135.167007446289,136.273574829102,136.471768188477,136.52132,1.08185036568526
"2024-02-29T13:32:42+00:00","http_req_duration","","default","https://blixter.online/materialize/index.html","GET","200","true","amazon:us:columbus","{'url': 'https://blixter.online/materialize/index.html', 'proto': 'HTTP/1.1', 'tls_version': 'tls1.3'}",17,132.660302,134.665428764706,134.143005371094,137.352853393555,137.79399597168,137.904289,1.30703017611146
"2024-02-29T13:32:45+00:00","http_req_duration","","default","https://blixter.online/materialize/index.html","GET","200","true","amazon:us:columbus","{'url': 'https://blixter.online/materialize/index.html', 'proto': 'HTTP/1.1', 'tls_version': 'tls1.3'}",17,132.270507,135.427592176471,135.167007446289,137.281811523438,137.495620117187,137.549067,1.362112935641
"2024-02-29T13:32:48+00:00","http_req_duration","","default","https://blixter.online/materialize/index.html","GET","200","true","amazon:us:columbus","{'url': 'https://blixter.online/materialize/index.html', 'proto': 'HTTP/1.1', 'tls_version': 'tls1.3'}",18,131.859613,134.904348111111,135.167007446289,136.249835205078,136.516580810547,136.583266,1.23502524664578
"2024-02-29T13:32:51+00:00","http_req_duration","","default","https://blixter.online/materialize/index.html","GET","200","true","amazon:us:columbus","{'url': 'https://blixter.online/materialize/index.html', 'proto': 'HTTP/1.1', 'tls_version': 'tls1.3'}",21,132.053423,134.588772047619,135.167007446289,136.190994262695,136.307168579102,136.336213,1.1125300934393
"2024-02-29T13:32:54+00:00","http_req_duration","","default","https://blixter.online/materialize/index.html","GET","200","true","amazon:us:columbus","{'url': 'https://blixter.online/materialize/index.html', 'proto': 'HTTP/1.1', 'tls_version': 'tls1.3'}",21,132.231414,135.567414047619,135.167007446289,137.214996337891,138.207550048828,138.455695,1.37581356300338
"2024-02-29T13:32:57+00:00","http_req_duration","","default","https://blixter.online/materialize/index.html","GET","200","true","amazon:us:columbus","{'url': 'https://blixter.online/materialize/index.html', 'proto': 'HTTP/1.1', 'tls_version': 'tls1.3'}",23,132.026873,135.514464478261,135.167007446289,138.136598205566,138.881472473145,139.062683,1.63118562669873
"2024-02-29T13:33:00+00:00","http_req_duration","","default","https://blixter.online/materialize/index.html","GET","200","true","amazon:us:columbus","{'url': 'https://blixter.online/materialize/index.html', 'proto': 'HTTP/1.1', 'tls_version': 'tls1.3'}",23,132.247274,134.771438869565,134.143005371094,137.112596130371,137.307116699219,137.333094,1.15610508398766
"2024-02-29T13:33:03+00:00","http_req_duration","","default","https://blixter.online/materialize/index.html","GET","200","true","amazon:us:columbus","{'url': 'https://blixter.online/materialize/index.html', 'proto': 'HTTP/1.1', 'tls_version': 'tls1.3'}",26,131.856554,135.468221384615,135.167007446289,137.463905334473,137.546875,137.546878,1.49872567474476
"2024-02-29T13:33:06+00:00","http_req_duration","","default","https://blixter.online/materialize/index.html","GET","200","true","amazon:us:columbus","{'url': 'https://blixter.online/materialize/index.html', 'proto': 'HTTP/1.1', 'tls_version': 'tls1.3'}",26,132.484328,134.839386384615,135.167007446289,137.214996337891,137.738529205322,137.913046,1.31981033377522
"2024-02-29T13:33:09+00:00","http_req_duration","","default","https://blixter.online/materialize/index.html","GET","200","true","amazon:us:columbus","{'url': 'https://blixter.online/materialize/index.html', 'proto': 'HTTP/1.1', 'tls_version': 'tls1.3'}",27,132.513304,135.223581148148,135.167007446289,137.214996337891,138.34549041748,138.742691,1.42160547941519
"2024-02-29T13:33:12+00:00","http_req_duration","","default","https://blixter.online/materialize/index.html","GET","200","true","amazon:us:columbus","{'url': 'https://blixter.online/materialize/index.html', 'proto': 'HTTP/1.1', 'tls_version': 'tls1.3'}",29,132.036013,135.173757517241,135.167007446289,137.214996337891,137.35609375,137.410968,1.58165577941831
"2024-02-29T13:33:15+00:00","http_req_duration","","default","https://blixter.online/materialize/index.html","GET","200","true","amazon:us:columbus","{'url': 'https://blixter.online/materialize/index.html', 'proto': 'HTTP/1.1', 'tls_version': 'tls1.3'}",30,131.789056,135.3714426,135.167007446289,137.77525177002,138.233642578125,138.233639,1.59932906419514
"2024-02-29T13:33:18+00:00","http_req_duration","","default","https://blixter.online/materialize/index.html","GET","200","true","amazon:us:columbus","{'url': 'https://blixter.online/materialize/index.html', 'proto': 'HTTP/1.1', 'tls_version': 'tls1.3'}",31,132.19533,134.853279064516,134.143005371094,137.214996337891,138.292051696777,138.753651,1.45247370383097
"2024-02-29T13:33:21+00:00","http_req_duration","","default","https://blixter.online/materialize/index.html","GET","200","true","amazon:us:columbus","{'url': 'https://blixter.online/materialize/index.html', 'proto': 'HTTP/1.1', 'tls_version': 'tls1.3'}",33,132.157989,134.829104393939,134.143005371094,137.624597167969,138.316143798828,138.352445,1.42631071637183
"2024-02-29T13:33:24+00:00","http_req_duration","","default","https://blixter.online/materialize/index.html","GET","200","true","amazon:us:columbus","{'url': 'https://blixter.online/materialize/index.html', 'proto': 'HTTP/1.1', 'tls_version': 'tls1.3'}",35,131.962551,134.714906,135.167007446289,137.214996337891,139.612592163086,140.84771,1.71125811676707
"2024-02-29T13:33:27+00:00","http_req_duration","","default","https://blixter.online/materialize/index.html","GET","200","true","amazon:us:columbus","{'url': 'https://blixter.online/materialize/index.html', 'proto': 'HTTP/1.1', 'tls_version': 'tls1.3'}",33,132.044095,134.697496363636,135.167007446289,136.925598144531,136.925598144531,136.925595,1.38878789963658
"2024-02-29T13:33:30+00:00","http_req_duration","","default","https://blixter.online/materialize/index.html","GET","200","true","amazon:us:columbus","{'url': 'https://blixter.online/materialize/index.html', 'proto': 'HTTP/1.1', 'tls_version': 'tls1.3'}",37,132.398925,135.780263351351,135.167007446289,138.238998413086,138.343158569336,138.401744,1.42491924757004
"2024-02-29T13:33:33+00:00","http_req_duration","","default","https://blixter.online/materialize/index.html","GET","200","true","amazon:us:columbus","{'url': 'https://blixter.online/materialize/index.html', 'proto': 'HTTP/1.1', 'tls_version': 'tls1.3'}",38,132.788278,134.921631184211,135.167007446289,137.193389892578,137.193389892578,137.193397,1.096160393288
"2024-02-29T13:33:36+00:00","http_req_duration","","default","https://blixter.online/materialize/index.html","GET","200","true","amazon:us:columbus","{'url': 'https://blixter.online/materialize/index.html', 'proto': 'HTTP/1.1', 'tls_version': 'tls1.3'}",39,132.148598,135.535672333333,135.167007446289,139.263000488281,143.733337097168,146.473221,2.49644254793638
"2024-02-29T13:33:39+00:00","http_req_duration","","default","https://blixter.online/materialize/index.html","GET","200","true","amazon:us:columbus","{'url': 'https://blixter.online/materialize/index.html', 'proto': 'HTTP/1.1', 'tls_version': 'tls1.3'}",39,131.558936,135.286817435897,135.167007446289,137.243840026855,137.503433227539,137.50344,1.57483575791375
"2024-02-29T13:33:42+00:00","http_req_duration","","default","https://blixter.online/materialize/index.html","GET","200","true","amazon:us:columbus","{'url': 'https://blixter.online/materialize/index.html', 'proto': 'HTTP/1.1', 'tls_version': 'tls1.3'}",42,132.101873,136.049099761905,135.167007446289,139.211800384521,139.975833129883,140.47119,1.62038736695211
"2024-02-29T13:33:45+00:00","http_req_duration","","default","https://blixter.online/materialize/index.html","GET","200","true","amazon:us:columbus","{'url': 'https://blixter.online/materialize/index.html', 'proto': 'HTTP/1.1', 'tls_version': 'tls1.3'}",44,131.92289,135.140149909091,135.167007446289,137.214996337891,138.732956085205,139.105596,1.63604413460694
"2024-02-29T13:33:48+00:00","http_req_duration","","default","https://blixter.online/materialize/index.html","GET","200","true","amazon:us:columbus","{'url': 'https://blixter.online/materialize/index.html', 'proto': 'HTTP/1.1', 'tls_version': 'tls1.3'}",42,131.593945,136.208665619048,135.167007446289,143.307794189453,151.702036132813,155.364956,4.19653216177675
"2024-02-29T13:33:51+00:00","http_req_duration","","default","https://blixter.online/materialize/index.html","GET","200","true","amazon:us:columbus","{'url': 'https://blixter.online/materialize/index.html', 'proto': 'HTTP/1.1', 'tls_version': 'tls1.3'}",46,132.265186,135.557664434783,135.167007446289,137.982997894287,139.674809265137,140.849564,1.68675573800589
"2024-02-29T13:33:54+00:00","http_req_duration","","default","https://blixter.online/materialize/index.html","GET","200","true","amazon:us:columbus","{'url': 'https://blixter.online/materialize/index.html', 'proto': 'HTTP/1.1', 'tls_version': 'tls1.3'}",46,131.412521,134.718394934783,135.167007446289,136.190994262695,138.255687713623,139.107167,1.38210268776808
"2024-02-29T13:33:57+00:00","http_req_duration","","default","https://blixter.online/materialize/index.html","GET","200","true","amazon:us:columbus","{'url': 'https://blixter.online/materialize/index.html', 'proto': 'HTTP/1.1', 'tls_version': 'tls1.3'}",48,132.31044,134.5023106875,134.143005371094,136.59983291626,136.819976806641,136.819971,1.19111734632119
"2024-02-29T13:34:00+00:00","http_req_duration","","default","https://blixter.online/materialize/index.html","GET","200","true","amazon:us:columbus","{'url': 'https://blixter.online/materialize/index.html', 'proto': 'HTTP/1.1', 'tls_version': 'tls1.3'}",48,131.837004,134.895281666667,134.655006408691,137.214996337891,138.381841888428,138.50852,1.6174923787664
"2024-02-29T13:34:03+00:00","http_req_duration","","default","https://blixter.online/materialize/index.html","GET","200","true","amazon:us:columbus","{'url': 'https://blixter.online/materialize/index.html', 'proto': 'HTTP/1.1', 'tls_version': 'tls1.3'}",51,131.785742,134.973020098039,135.167007446289,138.238998413086,139.436515808105,139.610025,1.70732366486279
"2024-02-29T13:34:06+00:00","http_req_duration","","default","https://blixter.online/materialize/index.html","GET","200","true","amazon:us:columbus","{'url': 'https://blixter.online/materialize/index.html', 'proto': 'HTTP/1.1', 'tls_version': 'tls1.3'}",50,131.744315,135.2088603,135.167007446289,138.238998413086,141.917634887695,145.452015,2.14395963692978
"2024-02-29T13:34:09+00:00","http_req_duration","","default","https://blixter.online/materialize/index.html","GET","200","true","amazon:us:columbus","{'url': 'https://blixter.online/materialize/index.html', 'proto': 'HTTP/1.1', 'tls_version': 'tls1.3'}",54,131.89878,135.135095425926,135.167007446289,137.573397064209,142.784780426025,146.756153,2.2107543515676
"2024-02-29T13:34:12+00:00","http_req_duration","","default","https://blixter.online/materialize/index.html","GET","200","true","amazon:us:columbus","{'url': 'https://blixter.online/materialize/index.html', 'proto': 'HTTP/1.1', 'tls_version': 'tls1.3'}",54,132.222994,134.950755351852,134.143005371094,137.573397064209,140.031347503662,140.897789,1.7675433979806
"2024-02-29T13:34:15+00:00","http_req_duration","","default","https://blixter.online/materialize/index.html","GET","200","true","amazon:us:columbus","{'url': 'https://blixter.online/materialize/index.html', 'proto': 'HTTP/1.1', 'tls_version': 'tls1.3'}",55,131.89015,134.623136690909,134.143005371094,137.214996337891,137.618759155273,137.618759,1.51339827898159
"2024-02-29T13:34:18+00:00","http_req_duration","","default","https://blixter.online/materialize/index.html","GET","200","true","amazon:us:columbus","{'url': 'https://blixter.online/materialize/index.html', 'proto': 'HTTP/1.1', 'tls_version': 'tls1.3'}",56,131.950715,134.946125410714,135.167007446289,138.494998931885,141.069763946533,143.278023,2.1037273129194
"2024-02-29T13:34:21+00:00","http_req_duration","","default","https://blixter.online/materialize/index.html","GET","200","true","amazon:us:columbus","{'url': 'https://blixter.online/materialize/index.html', 'proto': 'HTTP/1.1', 'tls_version': 'tls1.3'}",58,132.000847,135.994504517241,135.679000854492,139.57020111084,143.742237854004,144.250262,2.52584399113136
"2024-02-29T13:34:24+00:00","http_req_duration","","default","https://blixter.online/materialize/index.html","GET","200","true","amazon:us:columbus","{'url': 'https://blixter.online/materialize/index.html', 'proto': 'HTTP/1.1', 'tls_version': 'tls1.3'}",59,131.902637,134.844202067797,134.143005371094,137.214996337891,143.564468383789,143.564461,2.18318318175623
"2024-02-29T13:34:27+00:00","http_req_duration","","default","https://blixter.online/materialize/index.html","GET","200","true","amazon:us:columbus","{'url': 'https://blixter.online/materialize/index.html', 'proto': 'HTTP/1.1', 'tls_version': 'tls1.3'}",62,131.563125,134.713355903226,134.143005371094,137.214996337891,138.626044616699,140.833066,1.59204705832396
"2024-02-29T13:34:30+00:00","http_req_duration","","default","https://blixter.online/materialize/index.html","GET","200","true","amazon:us:columbus","{'url': 'https://blixter.online/materialize/index.html', 'proto': 'HTTP/1.1', 'tls_version': 'tls1.3'}",60,131.160872,135.063109233333,134.143005371094,141.362204742432,143.138008880615,144.293554,2.79582717644089
"2024-02-29T13:34:33+00:00","http_req_duration","","default","https://blixter.online/materialize/index.html","GET","200","true","amazon:us:columbus","{'url': 'https://blixter.online/materialize/index.html', 'proto': 'HTTP/1.1', 'tls_version': 'tls1.3'}",66,130.811389,134.42516730303,134.143005371094,137.214996337891,137.310516357422,137.310521,1.44885302665736
"2024-02-29T13:34:36+00:00","http_req_duration","","default","https://blixter.online/materialize/index.html","GET","200","true","amazon:us:columbus","{'url': 'https://blixter.online/materialize/index.html', 'proto': 'HTTP/1.1', 'tls_version': 'tls1.3'}",64,131.728596,135.201073359375,135.167007446289,138.238998413086,140.336098022461,140.419695,1.89274875766975
"2024-02-29T13:34:39+00:00","http_req_duration","","default","https://blixter.online/materialize/index.html","GET","200","true","amazon:us:columbus","{'url': 'https://blixter.online/materialize/index.html', 'proto': 'HTTP/1.1', 'tls_version': 'tls1.3'}",65,131.481347,134.567543,135.167007446289,136.590057373047,136.590057373047,136.590059,1.28243486324733
"2024-02-29T13:34:42+00:00","http_req_duration","","default","https://blixter.online/materialize/index.html","GET","200","true","amazon:us:columbus","{'url': 'https://blixter.online/materialize/index.html', 'proto': 'HTTP/1.1', 'tls_version': 'tls1.3'}",69,131.549512,134.555784710145,134.143005371094,137.177032470703,137.177032470703,137.177029,1.31231256306475
"2024-02-29T13:34:45+00:00","http_req_duration","","default","https://blixter.online/materialize/index.html","GET","200","true","amazon:us:columbus","{'url': 'https://blixter.online/materialize/index.html', 'proto': 'HTTP/1.1', 'tls_version': 'tls1.3'}",67,131.179023,134.619649641791,134.143005371094,137.214996337891,137.97643737793,139.454526,1.50406082354227
"2024-02-29T13:34:48+00:00","http_req_duration","","default","https://blixter.online/materialize/index.html","GET","200","true","amazon:us:columbus","{'url': 'https://blixter.online/materialize/index.html', 'proto': 'HTTP/1.1', 'tls_version': 'tls1.3'}",68,131.356339,134.827393897059,134.655006408691,137.214996337891,138.390397796631,138.697785,1.7171732671279
"2024-02-29T13:34:51+00:00","http_req_duration","","default","https://blixter.online/materialize/index.html","GET","200","true","amazon:us:columbus","{'url': 'https://blixter.online/materialize/index.html', 'proto': 'HTTP/1.1', 'tls_version': 'tls1.3'}",70,131.500082,134.446850528571,134.143005371094,137.214996337891,138.483754425049,139.028537,1.47208955165556
"2024-02-29T13:34:54+00:00","http_req_duration","","default","https://blixter.online/materialize/index.html","GET","200","true","amazon:us:columbus","{'url': 'https://blixter.online/materialize/index.html', 'proto': 'HTTP/1.1', 'tls_version': 'tls1.3'}",75,131.541252,134.81467572,134.143005371094,139.263000488281,142.386922607422,142.534679,2.15549870060907
"2024-02-29T13:34:57+00:00","http_req_duration","","default","https://blixter.online/materialize/index.html","GET","200","true","amazon:us:columbus","{'url': 'https://blixter.online/materialize/index.html', 'proto': 'HTTP/1.1', 'tls_version': 'tls1.3'}",74,131.44609,133.907088081081,134.143005371094,136.190994262695,137.19026184082,137.190259,1.25002940649273
"2024-02-29T13:35:00+00:00","http_req_duration","","default","https://blixter.online/materialize/index.html","GET","200","true","amazon:us:columbus","{'url': 'https://blixter.online/materialize/index.html', 'proto': 'HTTP/1.1', 'tls_version': 'tls1.3'}",74,132.365081,137.785618864865,136.190994262695,145.765398406982,150.868760986328,151.792796,4.22153065215327
"2024-02-29T13:35:03+00:00","http_req_duration","","default","https://blixter.online/materialize/index.html","GET","200","true","amazon:us:columbus","{'url': 'https://blixter.online/materialize/index.html', 'proto': 'HTTP/1.1', 'tls_version': 'tls1.3'}",76,131.913233,136.730429671053,136.190994262695,144.382995605469,145.928161621094,147.491655,3.32697261246741
"2024-02-29T13:35:06+00:00","http_req_duration","","default","https://blixter.online/materialize/index.html","GET","200","true","amazon:us:columbus","{'url': 'https://blixter.online/materialize/index.html', 'proto': 'HTTP/1.1', 'tls_version': 'tls1.3'}",78,132.036826,135.163587141026,134.143005371094,139.723801422119,143.533286895752,144.116797,2.49026223473856
"2024-02-29T13:35:09+00:00","http_req_duration","","default","https://blixter.online/materialize/index.html","GET","200","true","amazon:us:columbus","{'url': 'https://blixter.online/materialize/index.html', 'proto': 'HTTP/1.1', 'tls_version': 'tls1.3'}",79,131.349458,135.337614886076,135.167007446289,140.287002563477,147.491649475098,147.621576,2.80371018297932
"2024-02-29T13:35:12+00:00","http_req_duration","","default","https://blixter.online/materialize/index.html","GET","200","true","amazon:us:columbus","{'url': 'https://blixter.online/materialize/index.html', 'proto': 'HTTP/1.1', 'tls_version': 'tls1.3'}",80,131.142587,134.4374987625,134.143005371094,137.214996337891,137.431696624756,138.246901,1.48635172136461
"2024-02-29T13:35:15+00:00","http_req_duration","","default","https://blixter.online/materialize/index.html","GET","200","true","amazon:us:columbus","{'url': 'https://blixter.online/materialize/index.html', 'proto': 'HTTP/1.1', 'tls_version': 'tls1.3'}",84,131.032928,133.876470595238,133.119003295898,136.736965179443,136.833312988281,136.833306,1.31953044900449
"2024-02-29T13:35:18+00:00","http_req_duration","","default","https://blixter.online/materialize/index.html","GET","200","true","amazon:us:columbus","{'url': 'https://blixter.online/materialize/index.html', 'proto': 'HTTP/1.1', 'tls_version': 'tls1.3'}",81,131.257669,134.727549888889,134.143005371094,137.214996337891,141.564712524414,142.579541,1.92079371505662
"2024-02-29T13:35:21+00:00","http_req_duration","","default","https://blixter.online/materialize/index.html","GET","200","true","amazon:us:columbus","{'url': 'https://blixter.online/materialize/index.html', 'proto': 'HTTP/1.1', 'tls_version': 'tls1.3'}",86,131.653724,134.436528755814,134.143005371094,136.958995819092,137.315118408203,137.882473,1.37504928294831
"2024-02-29T13:35:24+00:00","http_req_duration","","default","https://blixter.online/materialize/index.html","GET","200","true","amazon:us:columbus","{'url': 'https://blixter.online/materialize/index.html', 'proto': 'HTTP/1.1', 'tls_version': 'tls1.3'}",86,131.320627,134.176262534884,134.143005371094,137.214996337891,139.384886932373,140.075578,1.54090850074032
"2024-02-29T13:35:27+00:00","http_req_duration","","default","https://blixter.online/materialize/index.html","GET","200","true","amazon:us:columbus","{'url': 'https://blixter.online/materialize/index.html', 'proto': 'HTTP/1.1', 'tls_version': 'tls1.3'}",86,131.924978,134.650403813953,134.143005371094,138.238998413086,140.534911346436,141.939728,1.92330295949544
"2024-02-29T13:35:30+00:00","http_req_duration","","default","https://blixter.online/materialize/index.html","GET","200","true","amazon:us:columbus","{'url': 'https://blixter.online/materialize/index.html', 'proto': 'HTTP/1.1', 'tls_version': 'tls1.3'}",88,131.079411,134.549014397727,134.143005371094,137.214996337891,137.333721313477,138.128267,1.44945254920706
"2024-02-29T13:35:33+00:00","http_req_duration","","default","https://blixter.online/materialize/index.html","GET","200","true","amazon:us:columbus","{'url': 'https://blixter.online/materialize/index.html', 'proto': 'HTTP/1.1', 'tls_version': 'tls1.3'}",92,131.001526,134.087881478261,134.143005371094,137.214996337891,137.739273071289,137.739274,1.63526606364239
"2024-02-29T13:35:36+00:00","http_req_duration","","default","https://blixter.online/materialize/index.html","GET","200","true","amazon:us:columbus","{'url': 'https://blixter.online/materialize/index.html', 'proto': 'HTTP/1.1', 'tls_version': 'tls1.3'}",90,130.669907,134.444061955556,134.143005371094,137.214996337891,138.403511657715,139.734576,1.71978630455337
"2024-02-29T13:35:39+00:00","http_req_duration","","default","https://blixter.online/materialize/index.html","GET","200","true","amazon:us:columbus","{'url': 'https://blixter.online/materialize/index.html', 'proto': 'HTTP/1.1', 'tls_version': 'tls1.3'}",92,131.211928,134.412644369565,134.143005371094,137.214996337891,138.354644775391,138.354641,1.49302521971533
"2024-02-29T13:35:42+00:00","http_req_duration","","default","https://blixter.online/materialize/index.html","GET","200","true","amazon:us:columbus","{'url': 'https://blixter.online/materialize/index.html', 'proto': 'HTTP/1.1', 'tls_version': 'tls1.3'}",93,130.960695,134.027830795699,133.119003295898,137.214996337891,140.044541015625,149.032264,2.24256668632148
"2024-02-29T13:35:45+00:00","http_req_duration","","default","https://blixter.online/materialize/index.html","GET","200","true","amazon:us:columbus","{'url': 'https://blixter.online/materialize/index.html', 'proto': 'HTTP/1.1', 'tls_version': 'tls1.3'}",97,130.834869,134.355627948454,133.119003295898,137.41979675293,140.579519042969,147.599911,2.30759336473484
"2024-02-29T13:35:48+00:00","http_req_duration","","default","https://blixter.online/materialize/index.html","GET","200","true","amazon:us:columbus","{'url': 'https://blixter.online/materialize/index.html', 'proto': 'HTTP/1.1', 'tls_version': 'tls1.3'}",92,131.436266,134.63999276087,134.655006408691,138.238998413086,138.299059295654,138.906334,1.75062438090502
"2024-02-29T13:35:51+00:00","http_req_duration","","default","https://blixter.online/materialize/index.html","GET","200","true","amazon:us:columbus","{'url': 'https://blixter.online/materialize/index.html', 'proto': 'HTTP/1.1', 'tls_version': 'tls1.3'}",101,131.229017,135.055575544554,135.167007446289,138.238998413086,138.756057739258,138.756065,1.69308245166042
"2024-02-29T13:35:54+00:00","http_req_duration","","default","https://blixter.online/materialize/index.html","GET","200","true","amazon:us:columbus","{'url': 'https://blixter.online/materialize/index.html', 'proto': 'HTTP/1.1', 'tls_version': 'tls1.3'}",96,131.222892,134.841709177083,135.167007446289,137.214996337891,139.391204833984,141.827081,1.66650174872262
"2024-02-29T13:35:57+00:00","http_req_duration","","default","https://blixter.online/materialize/index.html","GET","200","true","amazon:us:columbus","{'url': 'https://blixter.online/materialize/index.html', 'proto': 'HTTP/1.1', 'tls_version': 'tls1.3'}",102,131.155517,134.081077941176,133.119003295898,136.190994262695,138.181655883789,138.18165,1.43480267607982
"2024-02-29T13:36:00+00:00","http_req_duration","","default","https://blixter.online/materialize/index.html","GET","200","true","amazon:us:columbus","{'url': 'https://blixter.online/materialize/index.html', 'proto': 'HTTP/1.1', 'tls_version': 'tls1.3'}",99,131.090267,135.419699484848,135.167007446289,140.389402770996,142.425751647949,146.872249,2.61609548641766
"2024-02-29T13:36:03+00:00","http_req_duration","","default","https://blixter.online/materialize/index.html","GET","200","true","amazon:us:columbus","{'url': 'https://blixter.online/materialize/index.html', 'proto': 'HTTP/1.1', 'tls_version': 'tls1.3'}",104,130.548031,135.142486019231,134.143005371094,142.027806091309,148.386843719482,149.513546,3.23578033514612
"2024-02-29T13:36:06+00:00","http_req_duration","","default","https://blixter.online/materialize/index.html","GET","200","true","amazon:us:columbus","{'url': 'https://blixter.online/materialize/index.html', 'proto': 'HTTP/1.1', 'tls_version': 'tls1.3'}",105,130.707951,134.139124838095,134.143005371094,137.214996337891,137.214996337891,137.832108,1.56518744596075
"2024-02-29T13:36:09+00:00","http_req_duration","","default","https://blixter.online/materialize/index.html","GET","200","true","amazon:us:columbus","{'url': 'https://blixter.online/materialize/index.html', 'proto': 'HTTP/1.1', 'tls_version': 'tls1.3'}",105,131.383693,134.531218304762,134.143005371094,137.214996337891,140.683916625977,140.700461,1.86215143629687
"2024-02-29T13:36:12+00:00","http_req_duration","","default","https://blixter.online/materialize/index.html","GET","200","true","amazon:us:columbus","{'url': 'https://blixter.online/materialize/index.html', 'proto': 'HTTP/1.1', 'tls_version': 'tls1.3'}",107,131.070919,134.079620280374,134.143005371094,137.214996337891,138.901872253418,138.944185,1.54581292346254
"2024-02-29T13:36:15+00:00","http_req_duration","","default","https://blixter.online/materialize/index.html","GET","200","true","amazon:us:columbus","{'url': 'https://blixter.online/materialize/index.html', 'proto': 'HTTP/1.1', 'tls_version': 'tls1.3'}",110,130.882544,134.445496,134.143005371094,137.214996337891,139.263000488281,140.79356,1.79941792579386
"2024-02-29T13:36:18+00:00","http_req_duration","","default","https://blixter.online/materialize/index.html","GET","200","true","amazon:us:columbus","{'url': 'https://blixter.online/materialize/index.html', 'proto': 'HTTP/1.1', 'tls_version': 'tls1.3'}",106,131.193727,135.329830207547,134.143005371094,140.287002563477,147.455001831055,153.451002,3.30704152554757
"2024-02-29T13:36:21+00:00","http_req_duration","","default","https://blixter.online/materialize/index.html","GET","200","true","amazon:us:columbus","{'url': 'https://blixter.online/materialize/index.html', 'proto': 'HTTP/1.1', 'tls_version': 'tls1.3'}",113,131.040358,134.233948442478,134.143005371094,136.190994262695,139.017239990234,142.372174,1.64686603820793
"2024-02-29T13:36:24+00:00","http_req_duration","","default","https://blixter.online/materialize/index.html","GET","200","true","amazon:us:columbus","{'url': 'https://blixter.online/materialize/index.html', 'proto': 'HTTP/1.1', 'tls_version': 'tls1.3'}",112,130.750856,134.1537228125,134.143005371094,137.214996337891,137.214996337891,138.415955,1.6448451029697
"2024-02-29T13:36:27+00:00","http_req_duration","","default","https://blixter.online/materialize/index.html","GET","200","true","amazon:us:columbus","{'url': 'https://blixter.online/materialize/index.html', 'proto': 'HTTP/1.1', 'tls_version': 'tls1.3'}",111,130.958871,134.390938540541,134.143005371094,137.214996337891,139.263000488281,145.280178,1.90770850902906
"2024-02-29T13:36:30+00:00","http_req_duration","","default","https://blixter.online/materialize/index.html","GET","200","true","amazon:us:columbus","{'url': 'https://blixter.online/materialize/index.html', 'proto': 'HTTP/1.1', 'tls_version': 'tls1.3'}",113,131.254354,134.226171336283,133.119003295898,137.214996337891,141.065244140625,154.805361,2.52948159541189
"2024-02-29T13:36:33+00:00","http_req_duration","","default","https://blixter.online/materialize/index.html","GET","200","true","amazon:us:columbus","{'url': 'https://blixter.online/materialize/index.html', 'proto': 'HTTP/1.1', 'tls_version': 'tls1.3'}",122,131.054529,133.824601352459,133.119003295898,136.190994262695,138.238998413086,141.378365,1.61004276786018
"2024-02-29T13:36:36+00:00","http_req_duration","","default","https://blixter.online/materialize/index.html","GET","200","true","amazon:us:columbus","{'url': 'https://blixter.online/materialize/index.html', 'proto': 'HTTP/1.1', 'tls_version': 'tls1.3'}",114,130.433978,134.707373912281,134.143005371094,137.931797790527,140.879737854004,140.968313,2.06036560255474
"2024-02-29T13:36:39+00:00","http_req_duration","","default","https://blixter.online/materialize/index.html","GET","200","true","amazon:us:columbus","{'url': 'https://blixter.online/materialize/index.html', 'proto': 'HTTP/1.1', 'tls_version': 'tls1.3'}",118,130.92384,134.342200432203,134.143005371094,137.214996337891,141.311004638672,142.288651,1.88819218558496
"2024-02-29T13:36:42+00:00","http_req_duration","","default","https://blixter.online/materialize/index.html","GET","200","true","amazon:us:columbus","{'url': 'https://blixter.online/materialize/index.html', 'proto': 'HTTP/1.1', 'tls_version': 'tls1.3'}",122,130.878848,134.212416516393,134.143005371094,137.214996337891,138.023957977295,138.515815,1.54001473479305
"2024-02-29T13:36:45+00:00","http_req_duration","","default","https://blixter.online/materialize/index.html","GET","200","true","amazon:us:columbus","{'url': 'https://blixter.online/materialize/index.html', 'proto': 'HTTP/1.1', 'tls_version': 'tls1.3'}",120,130.783339,134.226032758333,134.143005371094,137.214996337891,141.751325531006,144.106931,1.88650926649941
"2024-02-29T13:36:48+00:00","http_req_duration","","default","https://blixter.online/materialize/index.html","GET","200","true","amazon:us:columbus","{'url': 'https://blixter.online/materialize/index.html', 'proto': 'HTTP/1.1', 'tls_version': 'tls1.3'}",122,130.562814,133.963778270492,134.143005371094,137.214996337891,138.023957977295,138.901949,1.59036023604768
"2024-02-29T13:36:51+00:00","http_req_duration","","default","https://blixter.online/materialize/index.html","GET","200","true","amazon:us:columbus","{'url': 'https://blixter.online/materialize/index.html', 'proto': 'HTTP/1.1', 'tls_version': 'tls1.3'}",122,130.231842,133.951668262295,134.143005371094,137.214996337891,139.750241088867,139.879764,1.89871789420199
"2024-02-29T13:36:54+00:00","http_req_duration","","default","https://blixter.online/materialize/index.html","GET","200","true","amazon:us:columbus","{'url': 'https://blixter.online/materialize/index.html', 'proto': 'HTTP/1.1', 'tls_version': 'tls1.3'}",127,130.596026,133.800561149606,134.143005371094,136.190994262695,137.972757873535,138.781266,1.51366233305414
"2024-02-29T13:36:57+00:00","http_req_duration","","default","https://blixter.online/materialize/index.html","GET","200","true","amazon:us:columbus","{'url': 'https://blixter.online/materialize/index.html', 'proto': 'HTTP/1.1', 'tls_version': 'tls1.3'}",125,130.70938,150.247884848,134.143005371094,178.379803466797,648.805424804687,756.661606,83.6560237454863
"2024-02-29T13:37:00+00:00","http_req_duration","","default","https://blixter.online/materialize/index.html","GET","200","true","amazon:us:columbus","{'url': 'https://blixter.online/materialize/index.html', 'proto': 'HTTP/1.1', 'tls_version': 'tls1.3'}",129,131.323334,134.510120527132,134.143005371094,137.214996337891,139.263000488281,142.589548,1.77236844983086
"2024-02-29T13:37:03+00:00","http_req_duration","","default","https://blixter.online/materialize/index.html","GET","200","true","amazon:us:columbus","{'url': 'https://blixter.online/materialize/index.html', 'proto': 'HTTP/1.1', 'tls_version': 'tls1.3'}",128,131.259408,134.191596328125,134.143005371094,137.214996337891,140.010522003174,142.41133,1.77341037123741
"2024-02-29T13:37:06+00:00","http_req_duration","","default","https://blixter.online/materialize/index.html","GET","200","true","amazon:us:columbus","{'url': 'https://blixter.online/materialize/index.html', 'proto': 'HTTP/1.1', 'tls_version': 'tls1.3'}",131,131.052394,134.026962145038,134.143005371094,137.214996337891,137.931797790527,139.422041,1.50522127993492
"2024-02-29T13:37:09+00:00","http_req_duration","","default","https://blixter.online/materialize/index.html","GET","200","true","amazon:us:columbus","{'url': 'https://blixter.online/materialize/index.html', 'proto': 'HTTP/1.1', 'tls_version': 'tls1.3'}",133,131.185805,134.563424135338,134.143005371094,138.238998413086,140.152465820312,140.15247,1.93615089240503
"2024-02-29T13:37:12+00:00","http_req_duration","","default","https://blixter.online/materialize/index.html","GET","200","true","amazon:us:columbus","{'url': 'https://blixter.online/materialize/index.html', 'proto': 'HTTP/1.1', 'tls_version': 'tls1.3'}",131,130.912822,134.631817580153,134.143005371094,138.238998413086,139.263000488281,143.906103,2.02433306794214
"2024-02-29T13:37:15+00:00","http_req_duration","","default","https://blixter.online/materialize/index.html","GET","200","true","amazon:us:columbus","{'url': 'https://blixter.online/materialize/index.html', 'proto': 'HTTP/1.1', 'tls_version': 'tls1.3'}",138,130.91119,134.852004231884,134.143005371094,138.392598724365,140.93212387085,143.921584,2.04244990098496
"2024-02-29T13:37:18+00:00","http_req_duration","","default","https://blixter.online/materialize/index.html","GET","200","true","amazon:us:columbus","{'url': 'https://blixter.online/materialize/index.html', 'proto': 'HTTP/1.1', 'tls_version': 'tls1.3'}",132,130.506985,133.931202742424,134.143005371094,136.190994262695,137.214996337891,140.489762,1.60298422450808
"2024-02-29T13:37:21+00:00","http_req_duration","","default","https://blixter.online/materialize/index.html","GET","200","true","amazon:us:columbus","{'url': 'https://blixter.online/materialize/index.html', 'proto': 'HTTP/1.1', 'tls_version': 'tls1.3'}",139,130.684945,134.309471,134.143005371094,137.214996337891,138.238998413086,141.922469,1.85536806649243
"2024-02-29T13:37:24+00:00","http_req_duration","","default","https://blixter.online/materialize/index.html","GET","200","true","amazon:us:columbus","{'url': 'https://blixter.online/materialize/index.html', 'proto': 'HTTP/1.1', 'tls_version': 'tls1.3'}",142,130.749583,134.357409253521,134.143005371094,138.187798309326,138.843159637451,140.013114,1.70442056416769
"2024-02-29T13:37:27+00:00","http_req_duration","","default","https://blixter.online/materialize/index.html","GET","200","true","amazon:us:columbus","{'url': 'https://blixter.online/materialize/index.html', 'proto': 'HTTP/1.1', 'tls_version': 'tls1.3'}",137,130.918975,134.305448686131,134.143005371094,137.214996337891,139.263000488281,142.06247,1.70347169994139
"2024-02-29T13:37:30+00:00","http_req_duration","","default","https://blixter.online/materialize/index.html","GET","200","true","amazon:us:columbus","{'url': 'https://blixter.online/materialize/index.html', 'proto': 'HTTP/1.1', 'tls_version': 'tls1.3'}",140,130.703139,134.181461342857,134.143005371094,137.214996337891,141.935645904541,143.623588,1.86993667099424
"2024-02-29T13:37:33+00:00","http_req_duration","","default","https://blixter.online/materialize/index.html","GET","200","true","amazon:us:columbus","{'url': 'https://blixter.online/materialize/index.html', 'proto': 'HTTP/1.1', 'tls_version': 'tls1.3'}",146,130.646046,134.290255465753,134.143005371094,137.982997894287,139.826201629639,142.330298,1.79974111433388
"2024-02-29T13:37:36+00:00","http_req_duration","","default","https://blixter.online/materialize/index.html","GET","200","true","amazon:us:columbus","{'url': 'https://blixter.online/materialize/index.html', 'proto': 'HTTP/1.1', 'tls_version': 'tls1.3'}",139,131.1779,134.670631143885,134.143005371094,137.31739654541,143.215639038086,145.019729,2.06079446654949
"2024-02-29T13:37:39+00:00","http_req_duration","","default","https://blixter.online/materialize/index.html","GET","200","true","amazon:us:columbus","{'url': 'https://blixter.online/materialize/index.html', 'proto': 'HTTP/1.1', 'tls_version': 'tls1.3'}",149,131.358023,134.593382214765,134.143005371094,138.853399658203,140.695450439453,141.072475,1.9753832313512
"2024-02-29T13:37:42+00:00","http_req_duration","","default","https://blixter.online/materialize/index.html","GET","200","true","amazon:us:columbus","{'url': 'https://blixter.online/materialize/index.html', 'proto': 'HTTP/1.1', 'tls_version': 'tls1.3'}",144,130.774367,134.113841291667,134.143005371094,137.214996337891,138.238998413086,139.160146,1.60404574343637
"2024-02-29T13:37:45+00:00","http_req_duration","","default","https://blixter.online/materialize/index.html","GET","200","true","amazon:us:columbus","{'url': 'https://blixter.online/materialize/index.html', 'proto': 'HTTP/1.1', 'tls_version': 'tls1.3'}",147,130.547693,134.408950156463,134.143005371094,138.238998413086,140.859893798828,140.859891,1.83612229820026
"2024-02-29T13:37:48+00:00","http_req_duration","","default","https://blixter.online/materialize/index.html","GET","200","true","amazon:us:columbus","{'url': 'https://blixter.online/materialize/index.html', 'proto': 'HTTP/1.1', 'tls_version': 'tls1.3'}",145,131.197579,134.174387924138,134.143005371094,137.214996337891,139.836441650391,140.742249,1.76826720168844
"2024-02-29T13:37:51+00:00","http_req_duration","","default","https://blixter.online/materialize/index.html","GET","200","true","amazon:us:columbus","{'url': 'https://blixter.online/materialize/index.html', 'proto': 'HTTP/1.1', 'tls_version': 'tls1.3'}",157,130.270875,133.603654363057,133.119003295898,136.395794677734,137.665557250977,139.577735,1.63172681673442
"2024-02-29T13:37:54+00:00","http_req_duration","","default","https://blixter.online/materialize/index.html","GET","200","true","amazon:us:columbus","{'url': 'https://blixter.online/materialize/index.html', 'proto': 'HTTP/1.1', 'tls_version': 'tls1.3'}",148,130.385818,134.423441486486,134.143005371094,137.214996337891,144.135330200195,144.135335,2.23620185732001
"2024-02-29T13:37:57+00:00","http_req_duration","","default","https://blixter.online/materialize/index.html","GET","200","true","amazon:us:columbus","{'url': 'https://blixter.online/materialize/index.html', 'proto': 'HTTP/1.1', 'tls_version': 'tls1.3'}",154,130.46322,133.95131425974,134.143005371094,137.214996337891,137.376773986816,137.559198,1.49728083473847
"2024-02-29T13:38:00+00:00","http_req_duration","","default","https://blixter.online/materialize/index.html","GET","200","true","amazon:us:columbus","{'url': 'https://blixter.online/materialize/index.html', 'proto': 'HTTP/1.1', 'tls_version': 'tls1.3'}",157,130.604856,135.229268407643,135.167007446289,139.263000488281,144.260115356445,157.23114,2.77989654076636
"2024-02-29T13:38:03+00:00","http_req_duration","","default","https://blixter.online/materialize/index.html","GET","200","true","amazon:us:columbus","{'url': 'https://blixter.online/materialize/index.html', 'proto': 'HTTP/1.1', 'tls_version': 'tls1.3'}",154,130.596224,134.285961149351,134.143005371094,137.214996337891,138.720279388428,139.775017,1.73108515664817
"2024-02-29T13:38:06+00:00","http_req_duration","","default","https://blixter.online/materialize/index.html","GET","200","true","amazon:us:columbus","{'url': 'https://blixter.online/materialize/index.html', 'proto': 'HTTP/1.1', 'tls_version': 'tls1.3'}",157,131.094911,134.459351636943,134.143005371094,138.238998413086,140.800064086914,140.800069,1.92064544568951
"2024-02-29T13:38:09+00:00","http_req_duration","","default","https://blixter.online/materialize/index.html","GET","200","true","amazon:us:columbus","{'url': 'https://blixter.online/materialize/index.html', 'proto': 'HTTP/1.1', 'tls_version': 'tls1.3'}",156,130.744862,134.073738269231,134.143005371094,137.214996337891,138.572714996338,138.980585,1.7562228678432
"2024-02-29T13:38:12+00:00","http_req_duration","","default","https://blixter.online/materialize/index.html","GET","200","true","amazon:us:columbus","{'url': 'https://blixter.online/materialize/index.html', 'proto': 'HTTP/1.1', 'tls_version': 'tls1.3'}",163,130.362428,133.943223177914,133.119003295898,137.214996337891,138.62811920166,139.467378,1.82281024416228
"2024-02-29T13:38:15+00:00","http_req_duration","","default","https://blixter.online/materialize/index.html","GET","200","true","amazon:us:columbus","{'url': 'https://blixter.online/materialize/index.html', 'proto': 'HTTP/1.1', 'tls_version': 'tls1.3'}",157,130.377993,134.346396216561,134.143005371094,140.287002563477,144.833556518555,149.180206,2.6613120426743
"2024-02-29T13:38:18+00:00","http_req_duration","","default","https://blixter.online/materialize/index.html","GET","200","true","amazon:us:columbus","{'url': 'https://blixter.online/materialize/index.html', 'proto': 'HTTP/1.1', 'tls_version': 'tls1.3'}",161,130.967174,134.316179465839,134.143005371094,138.238998413086,140.287002563477,140.520894,1.85875786542679
"2024-02-29T13:38:21+00:00","http_req_duration","","default","https://blixter.online/materialize/index.html","GET","200","true","amazon:us:columbus","{'url': 'https://blixter.online/materialize/index.html', 'proto': 'HTTP/1.1', 'tls_version': 'tls1.3'}",170,130.269371,134.071042782353,133.119003295898,138.238998413086,140.921883850098,144.950273,2.19113997065235
"2024-02-29T13:38:24+00:00","http_req_duration","","default","https://blixter.online/materialize/index.html","GET","200","true","amazon:us:columbus","{'url': 'https://blixter.online/materialize/index.html', 'proto': 'HTTP/1.1', 'tls_version': 'tls1.3'}",159,131.20046,137.938425075472,136.190994262695,150.526992797852,155.053081970215,157.007587,5.41435835908921
"2024-02-29T13:38:27+00:00","http_req_duration","","default","https://blixter.online/materialize/index.html","GET","200","true","amazon:us:columbus","{'url': 'https://blixter.online/materialize/index.html', 'proto': 'HTTP/1.1', 'tls_version': 'tls1.3'}",169,130.798598,134.036618118343,134.143005371094,137.214996337891,138.238998413086,139.716462,1.77150811451236
"2024-02-29T13:38:30+00:00","http_req_duration","","default","https://blixter.online/materialize/index.html","GET","200","true","amazon:us:columbus","{'url': 'https://blixter.online/materialize/index.html', 'proto': 'HTTP/1.1', 'tls_version': 'tls1.3'}",172,130.490914,134.20072825,133.119003295898,139.263000488281,141.607965240479,143.048259,2.3276925993154
"2024-02-29T13:38:33+00:00","http_req_duration","","default","https://blixter.online/materialize/index.html","GET","200","true","amazon:us:columbus","{'url': 'https://blixter.online/materialize/index.html', 'proto': 'HTTP/1.1', 'tls_version': 'tls1.3'}",165,130.58446,133.474757066667,133.119003295898,135.167007446289,137.459063110352,137.892958,1.32251248332388
"2024-02-29T13:38:36+00:00","http_req_duration","","default","https://blixter.online/materialize/index.html","GET","200","true","amazon:us:columbus","{'url': 'https://blixter.online/materialize/index.html', 'proto': 'HTTP/1.1', 'tls_version': 'tls1.3'}",168,130.924891,134.270263517857,134.143005371094,137.214996337891,139.93884185791,142.211271,1.74774109201735
"2024-02-29T13:38:39+00:00","http_req_duration","","default","https://blixter.online/materialize/index.html","GET","200","true","amazon:us:columbus","{'url': 'https://blixter.online/materialize/index.html', 'proto': 'HTTP/1.1', 'tls_version': 'tls1.3'}",172,130.336984,133.61487819186,133.119003295898,136.190994262695,137.214996337891,137.514049,1.45783373006559
"2024-02-29T13:38:42+00:00","http_req_duration","","default","https://blixter.online/materialize/index.html","GET","200","true","amazon:us:columbus","{'url': 'https://blixter.online/materialize/index.html', 'proto': 'HTTP/1.1', 'tls_version': 'tls1.3'}",172,130.282732,133.835209569767,133.119003295898,136.190994262695,137.511956939697,139.571046,1.4074823447003
"2024-02-29T13:38:45+00:00","http_req_duration","","default","https://blixter.online/materialize/index.html","GET","200","true","amazon:us:columbus","{'url': 'https://blixter.online/materialize/index.html', 'proto': 'HTTP/1.1', 'tls_version': 'tls1.3'}",177,130.135156,133.869924180791,133.119003295898,137.214996337891,138.238998413086,139.05658,1.61528661099992
"2024-02-29T13:38:48+00:00","http_req_duration","","default","https://blixter.online/materialize/index.html","GET","200","true","amazon:us:columbus","{'url': 'https://blixter.online/materialize/index.html', 'proto': 'HTTP/1.1', 'tls_version': 'tls1.3'}",174,130.786241,133.730690172414,133.119003295898,136.190994262695,137.483117675781,138.208045,1.47574286801351
"2024-02-29T13:38:51+00:00","http_req_duration","","default","https://blixter.online/materialize/index.html","GET","200","true","amazon:us:columbus","{'url': 'https://blixter.online/materialize/index.html', 'proto': 'HTTP/1.1', 'tls_version': 'tls1.3'}",176,130.927257,133.917371340909,134.143005371094,136.190994262695,137.371166229248,137.839678,1.29415810275917
"2024-02-29T13:38:54+00:00","http_req_duration","","default","https://blixter.online/materialize/index.html","GET","200","true","amazon:us:columbus","{'url': 'https://blixter.online/materialize/index.html', 'proto': 'HTTP/1.1', 'tls_version': 'tls1.3'}",179,130.76978,134.205903156425,134.143005371094,137.214996337891,140.287002563477,141.306665,1.61774903222202
"2024-02-29T13:38:57+00:00","http_req_duration","","default","https://blixter.online/materialize/index.html","GET","200","true","amazon:us:columbus","{'url': 'https://blixter.online/materialize/index.html', 'proto': 'HTTP/1.1', 'tls_version': 'tls1.3'}",182,130.744255,133.93232032967,133.119003295898,137.214996337891,139.111099243164,139.1111,1.66566800223599
"2024-02-29T13:39:00+00:00","http_req_duration","","default","https://blixter.online/materialize/index.html","GET","200","true","amazon:us:columbus","{'url': 'https://blixter.online/materialize/index.html', 'proto': 'HTTP/1.1', 'tls_version': 'tls1.3'}",174,131.091893,134.749180925287,134.143005371094,138.238998413086,142.611483154297,143.362481,2.0833367261899
"2024-02-29T13:39:03+00:00","http_req_duration","","default","https://blixter.online/materialize/index.html","GET","200","true","amazon:us:columbus","{'url': 'https://blixter.online/materialize/index.html', 'proto': 'HTTP/1.1', 'tls_version': 'tls1.3'}",186,130.432343,134.02341716129,133.119003295898,137.214996337891,138.238998413086,139.548592,1.732935654179
"2024-02-29T13:39:06+00:00","http_req_duration","","default","https://blixter.online/materialize/index.html","GET","200","true","amazon:us:columbus","{'url': 'https://blixter.online/materialize/index.html', 'proto': 'HTTP/1.1', 'tls_version': 'tls1.3'}",181,130.706977,133.666771104972,133.119003295898,136.190994262695,137.214996337891,140.10557,1.5355395254542
"2024-02-29T13:39:09+00:00","http_req_duration","","default","https://blixter.online/materialize/index.html","GET","200","true","amazon:us:columbus","{'url': 'https://blixter.online/materialize/index.html', 'proto': 'HTTP/1.1', 'tls_version': 'tls1.3'}",186,130.785855,134.350108526882,134.143005371094,137.214996337891,139.263000488281,139.897186,1.65965560629367
"2024-02-29T13:39:12+00:00","http_req_duration","","default","https://blixter.online/materialize/index.html","GET","200","true","amazon:us:columbus","{'url': 'https://blixter.online/materialize/index.html', 'proto': 'HTTP/1.1', 'tls_version': 'tls1.3'}",188,130.632109,133.664731691489,133.119003295898,136.190994262695,137.214996337891,137.412558,1.37299036111246
"2024-02-29T13:39:15+00:00","http_req_duration","","default","https://blixter.online/materialize/index.html","GET","200","true","amazon:us:columbus","{'url': 'https://blixter.online/materialize/index.html', 'proto': 'HTTP/1.1', 'tls_version': 'tls1.3'}",184,130.561394,133.72509448913,133.119003295898,137.214996337891,137.381035308838,138.191693,1.57262337483247
"2024-02-29T13:39:18+00:00","http_req_duration","","default","https://blixter.online/materialize/index.html","GET","200","true","amazon:us:columbus","{'url': 'https://blixter.online/materialize/index.html', 'proto': 'HTTP/1.1', 'tls_version': 'tls1.3'}",190,130.72221,134.365899421053,134.143005371094,138.238998413086,139.263000488281,139.62989,1.79647757200578
"2024-02-29T13:39:21+00:00","http_req_duration","","default","https://blixter.online/materialize/index.html","GET","200","true","amazon:us:columbus","{'url': 'https://blixter.online/materialize/index.html', 'proto': 'HTTP/1.1', 'tls_version': 'tls1.3'}",195,130.645868,133.747231317949,133.119003295898,136.498194885254,139.263000488281,141.960107,1.57705848488226
"2024-02-29T13:39:24+00:00","http_req_duration","","default","https://blixter.online/materialize/index.html","GET","200","true","amazon:us:columbus","{'url': 'https://blixter.online/materialize/index.html', 'proto': 'HTTP/1.1', 'tls_version': 'tls1.3'}",185,130.349067,133.564116302703,133.119003295898,137.010195922852,139.379040527344,139.988258,1.67027384209954
"2024-02-29T13:39:27+00:00","http_req_duration","","default","https://blixter.online/materialize/index.html","GET","200","true","amazon:us:columbus","{'url': 'https://blixter.online/materialize/index.html', 'proto': 'HTTP/1.1', 'tls_version': 'tls1.3'}",194,130.385958,133.518312706186,133.119003295898,137.214996337891,139.263000488281,140.441665,1.80983610608549
"2024-02-29T13:39:30+00:00","http_req_duration","","default","https://blixter.online/materialize/index.html","GET","200","true","amazon:us:columbus","{'url': 'https://blixter.online/materialize/index.html', 'proto': 'HTTP/1.1', 'tls_version': 'tls1.3'}",193,131.099967,134.346723523316,134.143005371094,137.214996337891,137.691879272461,137.69188,1.44512366088945
"2024-02-29T13:39:33+00:00","http_req_duration","","default","https://blixter.online/materialize/index.html","GET","200","true","amazon:us:columbus","{'url': 'https://blixter.online/materialize/index.html', 'proto': 'HTTP/1.1', 'tls_version': 'tls1.3'}",195,130.294831,133.630097579487,133.119003295898,137.214996337891,138.295159606934,139.175014,1.72906156488815
"2024-02-29T13:39:36+00:00","http_req_duration","","default","https://blixter.online/materialize/index.html","GET","200","true","amazon:us:columbus","{'url': 'https://blixter.online/materialize/index.html', 'proto': 'HTTP/1.1', 'tls_version': 'tls1.3'}",200,130.263466,133.782024445,133.119003295898,136.242194366455,138.238998413086,140.795889,1.61314749889463
"2024-02-29T13:39:39+00:00","http_req_duration","","default","https://blixter.online/materialize/index.html","GET","200","true","amazon:us:columbus","{'url': 'https://blixter.online/materialize/index.html', 'proto': 'HTTP/1.1', 'tls_version': 'tls1.3'}",198,130.787646,133.969954065657,134.143005371094,137.214996337891,138.025421142578,138.025415,1.56640127230451
"2024-02-29T13:39:42+00:00","http_req_duration","","default","https://blixter.online/materialize/index.html","GET","200","true","amazon:us:columbus","{'url': 'https://blixter.online/materialize/index.html', 'proto': 'HTTP/1.1', 'tls_version': 'tls1.3'}",197,130.25704,134.088729532995,134.143005371094,137.214996337891,138.260692749023,138.781359,1.63998628596609
"2024-02-29T13:39:45+00:00","http_req_duration","","default","https://blixter.online/materialize/index.html","GET","200","true","amazon:us:columbus","{'url': 'https://blixter.online/materialize/index.html', 'proto': 'HTTP/1.1', 'tls_version': 'tls1.3'}",198,130.704041,133.932849808081,133.119003295898,137.214996337891,138.269718475342,140.661262,1.64950592367988
"2024-02-29T13:39:48+00:00","http_req_duration","","default","https://blixter.online/materialize/index.html","GET","200","true","amazon:us:columbus","{'url': 'https://blixter.online/materialize/index.html', 'proto': 'HTTP/1.1', 'tls_version': 'tls1.3'}",208,130.851842,134.095544120192,133.119003295898,137.214996337891,140.143642272949,140.656177,1.71112717327158
"2024-02-29T13:39:51+00:00","http_req_duration","","default","https://blixter.online/materialize/index.html","GET","200","true","amazon:us:columbus","{'url': 'https://blixter.online/materialize/index.html', 'proto': 'HTTP/1.1', 'tls_version': 'tls1.3'}",201,130.325067,133.834455746269,133.119003295898,137.214996337891,137.816314697266,137.816321,1.53828922668425
"2024-02-29T13:39:54+00:00","http_req_duration","","default","https://blixter.online/materialize/index.html","GET","200","true","amazon:us:columbus","{'url': 'https://blixter.online/materialize/index.html', 'proto': 'HTTP/1.1', 'tls_version': 'tls1.3'}",204,130.762077,133.918757181373,133.119003295898,137.214996337891,138.238998413086,140.621465,1.84253192825563
"2024-02-29T13:39:57+00:00","http_req_duration","","default","https://blixter.online/materialize/index.html","GET","200","true","amazon:us:columbus","{'url': 'https://blixter.online/materialize/index.html', 'proto': 'HTTP/1.1', 'tls_version': 'tls1.3'}",207,130.233746,134.057309748792,134.143005371094,137.214996337891,139.20156036377,140.981118,1.67113568473172
"2024-02-29T13:40:00+00:00","http_req_duration","","default","https://blixter.online/materialize/index.html","GET","200","true","amazon:us:columbus","{'url': 'https://blixter.online/materialize/index.html', 'proto': 'HTTP/1.1', 'tls_version': 'tls1.3'}",205,131.171667,141.047326658537,138.238998413086,154.418200683594,162.815002441406,195.801965,7.75231665130752
"2024-02-29T13:40:03+00:00","http_req_duration","","default","https://blixter.online/materialize/index.html","GET","200","true","amazon:us:columbus","{'url': 'https://blixter.online/materialize/index.html', 'proto': 'HTTP/1.1', 'tls_version': 'tls1.3'}",203,133.010273,143.853873172414,140.287002563477,165.784594726562,181.206034240723,184.426254,9.8369083833012
"2024-02-29T13:40:06+00:00","http_req_duration","","default","https://blixter.online/materialize/index.html","GET","200","true","amazon:us:columbus","{'url': 'https://blixter.online/materialize/index.html', 'proto': 'HTTP/1.1', 'tls_version': 'tls1.3'}",211,131.659836,135.356090848341,135.167007446289,139.263000488281,141.208604431152,147.417169,2.02213897820281
"2024-02-29T13:40:09+00:00","http_req_duration","","default","https://blixter.online/materialize/index.html","GET","200","true","amazon:us:columbus","{'url': 'https://blixter.online/materialize/index.html', 'proto': 'HTTP/1.1', 'tls_version': 'tls1.3'}",215,130.844908,134.150780055814,134.143005371094,137.214996337891,139.263000488281,140.611356,1.75527837994081
"2024-02-29T13:40:12+00:00","http_req_duration","","default","https://blixter.online/materialize/index.html","GET","200","true","amazon:us:columbus","{'url': 'https://blixter.online/materialize/index.html', 'proto': 'HTTP/1.1', 'tls_version': 'tls1.3'}",206,130.808818,134.778795485437,134.143005371094,142.079006195068,145.304597473145,147.405935,3.10602653732971
"2024-02-29T13:40:15+00:00","http_req_duration","","default","https://blixter.online/materialize/index.html","GET","200","true","amazon:us:columbus","{'url': 'https://blixter.online/materialize/index.html', 'proto': 'HTTP/1.1', 'tls_version': 'tls1.3'}",219,130.577748,134.138760191781,134.143005371094,137.214996337891,139.263000488281,139.358482,1.56920661855472
"2024-02-29T13:40:18+00:00","http_req_duration","","default","https://blixter.online/materialize/index.html","GET","200","true","amazon:us:columbus","{'url': 'https://blixter.online/materialize/index.html', 'proto': 'HTTP/1.1', 'tls_version': 'tls1.3'}",214,130.771848,134.486628214953,134.143005371094,138.238998413086,140.287002563477,143.167438,1.82501416071667
"2024-02-29T13:40:21+00:00","http_req_duration","","default","https://blixter.online/materialize/index.html","GET","200","true","amazon:us:columbus","{'url': 'https://blixter.online/materialize/index.html', 'proto': 'HTTP/1.1', 'tls_version': 'tls1.3'}",217,130.935468,134.407904230415,134.143005371094,137.214996337891,138.075158081055,141.451218,1.43369044292531
"2024-02-29T13:40:24+00:00","http_req_duration","","default","https://blixter.online/materialize/index.html","GET","200","true","amazon:us:columbus","{'url': 'https://blixter.online/materialize/index.html', 'proto': 'HTTP/1.1', 'tls_version': 'tls1.3'}",214,130.884034,135.352091981308,135.167007446289,140.287002563477,143.358993530273,146.779842,2.60855651964186
"2024-02-29T13:40:27+00:00","http_req_duration","","default","https://blixter.online/materialize/index.html","GET","200","true","amazon:us:columbus","{'url': 'https://blixter.online/materialize/index.html', 'proto': 'HTTP/1.1', 'tls_version': 'tls1.3'}",218,130.356101,134.008604766055,133.119003295898,137.36859664917,142.160926361084,145.292839,2.15274090055074
"2024-02-29T13:40:30+00:00","http_req_duration","","default","https://blixter.online/materialize/index.html","GET","200","true","amazon:us:columbus","{'url': 'https://blixter.online/materialize/index.html', 'proto': 'HTTP/1.1', 'tls_version': 'tls1.3'}",225,130.727949,134.140178151111,133.119003295898,138.238998413086,141.311004638672,143.553542,2.05246353046437
"2024-02-29T13:40:33+00:00","http_req_duration","","default","https://blixter.online/materialize/index.html","GET","200","true","amazon:us:columbus","{'url': 'https://blixter.online/materialize/index.html', 'proto': 'HTTP/1.1', 'tls_version': 'tls1.3'}",220,130.556403,134.451232904545,134.143005371094,138.238998413086,141.116444244385,149.218239,2.16621877465719
"2024-02-29T13:40:36+00:00","http_req_duration","","default","https://blixter.online/materialize/index.html","GET","200","true","amazon:us:columbus","{'url': 'https://blixter.online/materialize/index.html', 'proto': 'HTTP/1.1', 'tls_version': 'tls1.3'}",221,131.049929,134.317071909502,134.143005371094,137.214996337891,141.106204223633,141.601946,1.78531251058978
"2024-02-29T13:40:39+00:00","http_req_duration","","default","https://blixter.online/materialize/index.html","GET","200","true","amazon:us:columbus","{'url': 'https://blixter.online/materialize/index.html', 'proto': 'HTTP/1.1', 'tls_version': 'tls1.3'}",228,130.574275,133.835924017544,133.119003295898,136.190994262695,138.143661499023,138.143669,1.50838822217671
"2024-02-29T13:40:42+00:00","http_req_duration","","default","https://blixter.online/materialize/index.html","GET","200","true","amazon:us:columbus","{'url': 'https://blixter.online/materialize/index.html', 'proto': 'HTTP/1.1', 'tls_version': 'tls1.3'}",223,130.5142,134.044532529148,134.143005371094,138.136598205566,139.263000488281,139.320754,1.73968064214416
"2024-02-29T13:40:45+00:00","http_req_duration","","default","https://blixter.online/materialize/index.html","GET","200","true","amazon:us:columbus","{'url': 'https://blixter.online/materialize/index.html', 'proto': 'HTTP/1.1', 'tls_version': 'tls1.3'}",227,130.486665,133.823843303965,133.119003295898,136.190994262695,138.238998413086,140.54243,1.54654252420187
"2024-02-29T13:40:48+00:00","http_req_duration","","default","https://blixter.online/materialize/index.html","GET","200","true","amazon:us:columbus","{'url': 'https://blixter.online/materialize/index.html', 'proto': 'HTTP/1.1', 'tls_version': 'tls1.3'}",225,130.470728,134.149929533333,134.143005371094,137.214996337891,139.263000488281,142.358145,1.75984452847172
"2024-02-29T13:40:51+00:00","http_req_duration","","default","https://blixter.online/materialize/index.html","GET","200","true","amazon:us:columbus","{'url': 'https://blixter.online/materialize/index.html', 'proto': 'HTTP/1.1', 'tls_version': 'tls1.3'}",234,130.458657,134.22606165812,134.143005371094,137.214996337891,140.973083953857,142.069214,1.8069763362787
"2024-02-29T13:40:54+00:00","http_req_duration","","default","https://blixter.online/materialize/index.html","GET","200","true","amazon:us:columbus","{'url': 'https://blixter.online/materialize/index.html', 'proto': 'HTTP/1.1', 'tls_version': 'tls1.3'}",228,130.493229,134.023586267544,134.143005371094,137.214996337891,138.238998413086,139.172669,1.54278919627976
"2024-02-29T13:40:57+00:00","http_req_duration","","default","https://blixter.online/materialize/index.html","GET","200","true","amazon:us:columbus","{'url': 'https://blixter.online/materialize/index.html', 'proto': 'HTTP/1.1', 'tls_version': 'tls1.3'}",234,130.573465,133.894769581197,133.119003295898,137.214996337891,139.949081878662,141.593082,1.68271300210296
"2024-02-29T13:41:00+00:00","http_req_duration","","default","https://blixter.online/materialize/index.html","GET","200","true","amazon:us:columbus","{'url': 'https://blixter.online/materialize/index.html', 'proto': 'HTTP/1.1', 'tls_version': 'tls1.3'}",236,130.733339,135.116754813559,134.143005371094,140.543003082275,146.072599029541,148.694068,2.86255980130103
"2024-02-29T13:41:03+00:00","http_req_duration","","default","https://blixter.online/materialize/index.html","GET","200","true","amazon:us:columbus","{'url': 'https://blixter.online/materialize/index.html', 'proto': 'HTTP/1.1', 'tls_version': 'tls1.3'}",230,131.126258,134.106332547826,134.143005371094,137.214996337891,138.966039886475,147.213486,1.83032212881178
"2024-02-29T13:41:06+00:00","http_req_duration","","default","https://blixter.online/materialize/index.html","GET","200","true","amazon:us:columbus","{'url': 'https://blixter.online/materialize/index.html', 'proto': 'HTTP/1.1', 'tls_version': 'tls1.3'}",238,130.359608,134.445734844538,134.143005371094,138.238998413086,144.382995605469,149.361893,2.37354137332004
"2024-02-29T13:41:09+00:00","http_req_duration","","default","https://blixter.online/materialize/index.html","GET","200","true","amazon:us:columbus","{'url': 'https://blixter.online/materialize/index.html', 'proto': 'HTTP/1.1', 'tls_version': 'tls1.3'}",237,130.492241,133.579377320675,133.119003295898,136.190994262695,137.214996337891,138.292425,1.42942532824209
"2024-02-29T13:41:12+00:00","http_req_duration","","default","https://blixter.online/materialize/index.html","GET","200","true","amazon:us:columbus","{'url': 'https://blixter.online/materialize/index.html', 'proto': 'HTTP/1.1', 'tls_version': 'tls1.3'}",239,129.95087,134.2726131841,134.143005371094,138.238998413086,142.033240661621,143.103517,2.11143170163683
"2024-02-29T13:41:15+00:00","http_req_duration","","default","https://blixter.online/materialize/index.html","GET","200","true","amazon:us:columbus","{'url': 'https://blixter.online/materialize/index.html', 'proto': 'HTTP/1.1', 'tls_version': 'tls1.3'}",240,130.470667,133.99938635,134.143005371094,137.214996337891,138.238998413086,140.123724,1.5781127442903
"2024-02-29T13:41:18+00:00","http_req_duration","","default","https://blixter.online/materialize/index.html","GET","200","true","amazon:us:columbus","{'url': 'https://blixter.online/materialize/index.html', 'proto': 'HTTP/1.1', 'tls_version': 'tls1.3'}",240,130.381029,133.80043315,133.119003295898,137.214996337891,138.238998413086,139.114978,1.65166975643431
"2024-02-29T13:41:21+00:00","http_req_duration","","default","https://blixter.online/materialize/index.html","GET","200","true","amazon:us:columbus","{'url': 'https://blixter.online/materialize/index.html', 'proto': 'HTTP/1.1', 'tls_version': 'tls1.3'}",241,130.019037,133.805314547718,133.119003295898,136.190994262695,137.829397583008,139.800806,1.45915414102519
"2024-02-29T13:41:24+00:00","http_req_duration","","default","https://blixter.online/materialize/index.html","GET","200","true","amazon:us:columbus","{'url': 'https://blixter.online/materialize/index.html', 'proto': 'HTTP/1.1', 'tls_version': 'tls1.3'}",245,130.456714,134.072931677551,134.143005371094,137.214996337891,137.7884375,143.088261,1.64203360740461
"2024-02-29T13:41:27+00:00","http_req_duration","","default","https://blixter.online/materialize/index.html","GET","200","true","amazon:us:columbus","{'url': 'https://blixter.online/materialize/index.html', 'proto': 'HTTP/1.1', 'tls_version': 'tls1.3'}",251,130.714398,133.891754338645,133.119003295898,137.214996337891,138.750999450684,141.736339,1.58488934780848
"2024-02-29T13:41:30+00:00","http_req_duration","","default","https://blixter.online/materialize/index.html","GET","200","true","amazon:us:columbus","{'url': 'https://blixter.online/materialize/index.html', 'proto': 'HTTP/1.1', 'tls_version': 'tls1.3'}",242,130.773206,134.850250512397,134.143005371094,139.263000488281,141.311004638672,148.625624,2.32984523055714
"2024-02-29T13:41:33+00:00","http_req_duration","","default","https://blixter.online/materialize/index.html","GET","200","true","amazon:us:columbus","{'url': 'https://blixter.online/materialize/index.html', 'proto': 'HTTP/1.1', 'tls_version': 'tls1.3'}",249,130.797613,134.920507526104,134.143005371094,140.901403808594,147.643479614258,147.817458,3.14170092263523
"2024-02-29T13:41:36+00:00","http_req_duration","","default","https://blixter.online/materialize/index.html","GET","200","true","amazon:us:columbus","{'url': 'https://blixter.online/materialize/index.html', 'proto': 'HTTP/1.1', 'tls_version': 'tls1.3'}",252,130.924782,134.931474087302,134.143005371094,138.699799346924,140.287002563477,140.818735,1.92453277014229
"2024-02-29T13:41:39+00:00","http_req_duration","","default","https://blixter.online/materialize/index.html","GET","200","true","amazon:us:columbus","{'url': 'https://blixter.online/materialize/index.html', 'proto': 'HTTP/1.1', 'tls_version': 'tls1.3'}",246,130.343852,134.162193837398,134.143005371094,138.238998413086,139.826201629639,141.424684,1.84543956230655
"2024-02-29T13:41:42+00:00","http_req_duration","","default","https://blixter.online/materialize/index.html","GET","200","true","amazon:us:columbus","{'url': 'https://blixter.online/materialize/index.html', 'proto': 'HTTP/1.1', 'tls_version': 'tls1.3'}",254,130.327208,133.555326972441,133.119003295898,136.190994262695,138.238998413086,142.058051,1.53206657451557
"2024-02-29T13:41:45+00:00","http_req_duration","","default","https://blixter.online/materialize/index.html","GET","200","true","amazon:us:columbus","{'url': 'https://blixter.online/materialize/index.html', 'proto': 'HTTP/1.1', 'tls_version': 'tls1.3'}",255,130.139139,133.957820737255,134.143005371094,137.214996337891,139.734041442871,140.682288,1.98940254446088
"2024-02-29T13:41:48+00:00","http_req_duration","","default","https://blixter.online/materialize/index.html","GET","200","true","amazon:us:columbus","{'url': 'https://blixter.online/materialize/index.html', 'proto': 'HTTP/1.1', 'tls_version': 'tls1.3'}",252,130.859719,133.860915873016,133.119003295898,137.214996337891,139.263000488281,139.5604,1.58169830424246
"2024-02-29T13:41:51+00:00","http_req_duration","","default","https://blixter.online/materialize/index.html","GET","200","true","amazon:us:columbus","{'url': 'https://blixter.online/materialize/index.html', 'proto': 'HTTP/1.1', 'tls_version': 'tls1.3'}",256,130.276633,133.55055234375,133.119003295898,137.214996337891,137.214996337891,138.6364,1.51519619885152
"2024-02-29T13:41:54+00:00","http_req_duration","","default","https://blixter.online/materialize/index.html","GET","200","true","amazon:us:columbus","{'url': 'https://blixter.online/materialize/index.html', 'proto': 'HTTP/1.1', 'tls_version': 'tls1.3'}",257,130.431612,133.806903400778,133.119003295898,137.214996337891,138.238998413086,140.950174,1.63043679490261
"2024-02-29T13:41:57+00:00","http_req_duration","","default","https://blixter.online/materialize/index.html","GET","200","true","amazon:us:columbus","{'url': 'https://blixter.online/materialize/index.html', 'proto': 'HTTP/1.1', 'tls_version': 'tls1.3'}",260,130.425002,133.894239630769,134.143005371094,136.190994262695,138.238998413086,138.924152,1.54749768539975
"2024-02-29T13:42:00+00:00","http_req_duration","","default","https://blixter.online/materialize/index.html","GET","200","true","amazon:us:columbus","{'url': 'https://blixter.online/materialize/index.html', 'proto': 'HTTP/1.1', 'tls_version': 'tls1.3'}",256,130.644482,134.37447171875,134.143005371094,138.238998413086,140.287002563477,140.73138,1.86373401069039
"2024-02-29T13:42:03+00:00","http_req_duration","","default","https://blixter.online/materialize/index.html","GET","200","true","amazon:us:columbus","{'url': 'https://blixter.online/materialize/index.html', 'proto': 'HTTP/1.1', 'tls_version': 'tls1.3'}",260,130.690768,134.301503180769,134.143005371094,138.238998413086,139.682841339111,142.585827,1.88295560058779
"2024-02-29T13:42:06+00:00","http_req_duration","","default","https://blixter.online/materialize/index.html","GET","200","true","amazon:us:columbus","{'url': 'https://blixter.online/materialize/index.html', 'proto': 'HTTP/1.1', 'tls_version': 'tls1.3'}",183,130.540655,134.535710415301,134.143005371094,139.160600280762,140.441983947754,141.148003,2.13737788032075
